-- phpMyAdmin SQL Dump
-- version 5.0.2
-- https://www.phpmyadmin.net/
--
-- Host: 127.0.0.1
-- Generation Time: Sep 18, 2020 at 08:08 PM
-- Server version: 10.4.14-MariaDB
-- PHP Version: 7.2.33

SET SQL_MODE = "NO_AUTO_VALUE_ON_ZERO";
START TRANSACTION;
SET time_zone = "+00:00";


/*!40101 SET @OLD_CHARACTER_SET_CLIENT=@@CHARACTER_SET_CLIENT */;
/*!40101 SET @OLD_CHARACTER_SET_RESULTS=@@CHARACTER_SET_RESULTS */;
/*!40101 SET @OLD_COLLATION_CONNECTION=@@COLLATION_CONNECTION */;
/*!40101 SET NAMES utf8mb4 */;

--
-- Database: `stock`
--

-- --------------------------------------------------------

--
-- Table structure for table `articles`
--

CREATE TABLE `articles` (
  `article_id` int(11) NOT NULL,
  `article_name` varchar(250) NOT NULL,
  `supplier_id` int(11) NOT NULL,
  `article_price` decimal(11,2) NOT NULL,
  `article_stock` int(11) DEFAULT 0,
  `article_no` varchar(250) NOT NULL,
  `sales_price` decimal(11,2) NOT NULL,
  `hsn_no` varchar(250) NOT NULL,
  `sgst` varchar(250) NOT NULL,
  `cgst` varchar(250) NOT NULL,
  `igst` varchar(250) NOT NULL,
  `staff_stock` int(11) DEFAULT 0,
  `enter_datetime` datetime NOT NULL DEFAULT current_timestamp(),
  `sold` int(11) DEFAULT 0,
  `dsold` int(11) DEFAULT 0,
  `fsold` int(11) DEFAULT 0,
  `cess` decimal(11,2) NOT NULL
) ENGINE=InnoDB DEFAULT CHARSET=latin1;

--
-- Dumping data for table `articles`
--

INSERT INTO `articles` (`article_id`, `article_name`, `supplier_id`, `article_price`, `article_stock`, `article_no`, `sales_price`, `hsn_no`, `sgst`, `cgst`, `igst`, `staff_stock`, `enter_datetime`, `sold`, `dsold`, `fsold`, `cess`) VALUES
(1, 'GUFO CARE SHIELD 6 LAYER FACE MASK', 2, '45.00', 260, 'GCS6L', '76.19', '6109', '2.5', '2.5', '0', 331, '2020-08-25 10:54:28', 199, 0, 0, '1.00'),
(2, 'SMILEY SACHE SIGLE LAYER FACE MASK', 3, '58.00', 82, 'SC1L3', '71.43', '6109', '2.5', '2.5', '', 116, '2020-08-25 10:58:09', 267, 30, 0, '1.00'),
(3, 'SMILEY SINGLE LAYER FABRIC FACE MASK', 4, '4.30', 269, 'S1L011', '5.71', '6109', '2.5', '2.5', '', 185, '2020-08-25 11:02:31', 30, 5, 0, '1.00'),
(4, 'SMILEY DOUBLE LAYER FABRIC FACE MASK', 4, '6.30', 0, 'S2L021', '7.62', '6109', '2.5', '2.5', '', 1, '2020-08-25 11:05:40', 100, 0, 0, '1.00'),
(5, 'MASKEE SINGLE LAYER FABRIC FACE MASK', 1, '5.30', 39, 'M1L101', '7.14', '6109', '2.5', '2.5', '', 0, '2020-08-25 11:08:01', 0, 0, 0, '1.00'),
(6, 'MASKEE DOUBLE LAYER NET FACE MASK', 3, '8.80', 29, 'M2N301', '12.86', '6109', '2.5', '2.5', '', 75, '2020-08-25 11:11:41', 2048, 0, 0, '1.00'),
(7, 'MASKEE NECK GAITER FULL FACE MASK', 1, '8.80', 0, 'MNG01', '14.29', '6109', '2.5', '2.5', '', 1, '2020-08-25 11:13:27', 15, 0, 0, '1.00'),
(8, 'N95 FACE MASK', 3, '15.30', 1, 'MN95401', '21.90', '6109', '2.5', '2.5', '', 25, '2020-08-25 11:18:06', 0, 0, 0, '1.00'),
(9, 'MASKEE TRIPLE LAYER FORM FACE MASK', 3, '12.50', 6, 'M3L301', '18.57', '6109', '2.5', '2.5', '', 38, '2020-08-25 11:19:36', 901, 0, 0, '1.00'),
(10, 'SMILEY PRINTED SINGLE LAYER FACE MASK', 3, '4.75', 2, 'SP01L01', '5.71', '6109', '2.5', '2.5', '', 15, '2020-08-25 11:23:09', 0, 0, 4600, '1.00'),
(11, 'GUFO 3LAYER HYPER SHIELD 95 FACE MASK', 2, '15.00', 0, 'GHS95', '28.57', '6109', '2.5', '2.5', '', 1, '2020-08-25 11:26:35', 0, 0, 0, '1.00'),
(12, 'SMILEY 3 LAYER NET FACE MASK', 3, '13.00', 41, 'S3LN301', '19.05', '6109', '2.5', '2.5', '', 243, '2020-08-25 11:27:50', 978, 100, 0, '1.00'),
(13, 'MASKEE 3 LAYER NET FACE MASK', 3, '12.50', 16, 'M3LN301', '16.19', '6109', '2.5', '2.5', '', 159, '2020-08-25 11:29:31', 750, 0, 0, '1.00'),
(14, 'SMILEY PRINTED SINGLE LAYER FABRIC FACE MASK', 3, '4.75', 152, 'SP01L01/1', '5.24', '6109', '2.5', '2.5', '', 322, '2020-08-25 11:32:10', 4126, 0, 0, '1.00'),
(15, 'GUFO HYPER SHIELD PRO FABRIC FACE MASK BLUE LABEL', 3, '15.00', 24, 'GHS95B', '23.81', '6109', '2.5', '2.5', '', 172, '2020-08-25 11:37:51', 1977, 11, 0, '1.00'),
(16, 'SMILEY DOUBLE LAYER FABRIC FACE MASK PACKED', 3, '7.00', 1535, 'S2L021/P', '8.33', '6109', '2.5', '2.5', '', 1106, '2020-08-25 11:39:05', 3054, 0, 0, '1.00'),
(17, 'M CARE 3 LAYER ARMY PATTERN FACE MASK', 5, '20.00', 15, 'MC95', '38.10', '6109', '2.5', '2.5', '', 147, '2020-08-28 11:34:19', 475, NULL, NULL, '1.00'),
(18, '100mI ', 5, '19.00', 0, 'SAN100', '30.00', '', '', '', '', 3, '2020-08-28 13:59:05', 676, NULL, NULL, '1.00'),
(19, 'SAN 5LTR GEL', 5, '550.00', 0, 'SAN5L', '950.00', '', '', '', '', 0, '2020-09-03 18:08:46', 0, 0, 0, '1.00'),
(20, 'APRON 20GSM 140X95', 5, '125.00', 75, 'APR1495', '200.00', '', '', '', '', 24, '2020-09-07 12:43:53', 1, 0, 0, '1.00'),
(21, 'GUFO CLOTH 2 LAYER MASK', 6, '11.00', 0, 'GC2LFM', '16.00', '', '', '', '', 103, '2020-09-10 14:43:02', 90, 0, 0, '1.00'),
(22, 'WILD 2 LAYER NET FABRIC MASK', 3, '10.00', 136, 'W2LN201', '16.19', '6109', '2.5', '2.5', '', 724, '2020-09-14 11:07:19', 1440, 0, 0, '1.00'),
(23, 'GUFO SCUDO 3LAYER OUTDOOR PROTECTION FABRIC MASK', 5, '17.00', 0, 'GRS3L', '30.00', '', '', '', '', 96, '2020-09-18 15:40:16', 0, 0, 0, '1.00');

-- --------------------------------------------------------

--
-- Table structure for table `attendance`
--

CREATE TABLE `attendance` (
  `id` int(11) NOT NULL,
  `staff_id` int(11) NOT NULL,
  `attend` int(11) NOT NULL,
  `attend_date` date NOT NULL
) ENGINE=InnoDB DEFAULT CHARSET=utf8mb4;

-- --------------------------------------------------------

--
-- Table structure for table `branches`
--

CREATE TABLE `branches` (
  `branch_id` int(11) NOT NULL,
  `branch_name` varchar(250) NOT NULL
) ENGINE=InnoDB DEFAULT CHARSET=latin1;

--
-- Dumping data for table `branches`
--

INSERT INTO `branches` (`branch_id`, `branch_name`) VALUES
(1, 'THRISSUR'),
(2, 'KUNNAMKULAM'),
(3, 'KODUNGALLUR'),
(4, 'SHORANNUR'),
(5, 'EDAPPAL');

-- --------------------------------------------------------

--
-- Table structure for table `customers`
--

CREATE TABLE `customers` (
  `customer_id` int(11) NOT NULL,
  `customer_name` varchar(250) NOT NULL,
  `customer_address` varchar(250) NOT NULL,
  `customer_phone` varchar(250) NOT NULL,
  `customer_gst` varchar(250) NOT NULL
) ENGINE=InnoDB DEFAULT CHARSET=latin1;

--
-- Dumping data for table `customers`
--

INSERT INTO `customers` (`customer_id`, `customer_name`, `customer_address`, `customer_phone`, `customer_gst`) VALUES
(1, 'ANTONY N B', 'THRISSUR', '', ''),
(2, 'SHAFEER K U', 'KODUNGALLUR', '', ''),
(3, 'SHIJIL', 'KODUNGALLUR', '', ''),
(4, 'RAJISH V R', 'KUNNAMKULAM', '', ''),
(5, 'RANJITH', 'THRISSUR', '', ''),
(6, 'PRICE CHANGE', 'THRISSUR', '', ''),
(7, 'AMAL KUMAR K', 'SHORANNUR', '', ''),
(8, 'NEERAJ', 'THRISSUR', '', ''),
(9, 'SHEFI', 'VANITHA BAKERY, KODUNGALLUR', '', ''),
(10, 'NILSHAD KASIM', 'THRISSUR', '', ''),
(11, 'VISHNU SHANKAR', 'SHORANNUR', '', ''),
(12, 'ANTONY NB', 'THRISSUR', '', ''),
(13, 'SHAFEER KU', 'KODUNGALLUR', '', ''),
(14, 'ANTONY', 'THRISSUR', '', ''),
(15, 'SHIJIL', 'KODUNGALLUR', '', ''),
(16, 'SHIJIL', 'KODUNGALLUR', '', ''),
(17, 'SHAFEER K U', 'KODUNGALLUR', '', ''),
(18, 'ANTONY N B', 'THRISSUR', '', ''),
(19, 'ANTONY N B', 'THRISSUR', '', ''),
(20, 'SHAFEER K U', 'KODUNGALLUR', '', ''),
(21, 'SHIJIL', 'KODUNGALLUR', '', ''),
(22, 'ANTONY N B', 'THRISSUR', '', ''),
(23, 'SHAFEER K U', 'KODUNGALLUR', '', ''),
(24, 'SHIJIL', 'KODUNGALLUR', '', ''),
(25, 'ANTONY N B', 'THRISSUR', '', ''),
(26, 'SHAFEER K U', 'KODUNGALLUR', '', ''),
(27, 'SHIJIL', 'KODUNGALLUR', '', ''),
(28, 'RAJISH V R ', 'KUNNAMKULAM', '', ''),
(29, 'ANTONY N B', 'THRISSUR', '', ''),
(30, 'SHAFEER K U', 'KODUNGALLUR', '', ''),
(31, 'SHIJIL', 'KODUNGALLUR', '', ''),
(32, 'AMAL', 'SHORNUR', '', ''),
(33, 'ANTONY N B', 'THRISSUR', '', ''),
(34, 'AMAL KUMAR', 'SHORNUR', '', ''),
(35, 'AMAL KUMAR', 'SHORNUR', '', ''),
(36, 'SHAFEER K U', 'KODUNGALLUR', '', ''),
(37, 'ANTONY N B', 'THRISSUR', '', ''),
(38, 'SHAFEER K U', 'KODUNGALLUR', '', ''),
(39, 'ANTONY N B', 'THRISSUR', '', ''),
(40, 'SHAFEER K U', 'KODUNGALLUR', '', ''),
(41, 'ANTONY N B', 'THRISSUR', '', ''),
(42, 'ANTONY N B', 'THRISSUR', '', ''),
(43, 'SHAFEER K U', 'KODUNGALLUR', '', ''),
(44, 'SHAFEER K U', 'KODUNGALLUR', '', ''),
(45, 'ANTONY N B', 'THRISSUR', '', ''),
(46, 'SHAFEER K U', 'KODUNGALLUR', '', ''),
(47, 'SHAFEER K U', 'KODUNGALLUR', '', ''),
(48, 'ANTONY N B', 'THRISSUR', '', ''),
(49, 'SHAFEER K U', 'KODUNGALLUR', '', ''),
(50, 'ANTONY N B', 'THRISSUR', '', ''),
(51, 'NILSHAD KASIM', 'THRISSUR', '', ''),
(52, 'AMAL KUMAR', 'SHORNUR', '', ''),
(53, 'AMAL KUMAR', 'SHORNUR', '', ''),
(54, 'VISHNU SHANKAR', 'SHORNUR', '', ''),
(55, 'ANTONY N B', 'THRISSUR', '', ''),
(56, 'SHAFEER', 'KODUNGALLUR', '', ''),
(57, 'AMAL KUMAR', 'SHORNUR', '', ''),
(58, 'NILSHAD KASIM', 'THRISSUR', '', ''),
(59, 'ANTONY N B', 'THRISSUR', '', ''),
(60, 'SHAFEER K U', 'KODUNGALLUR', '', ''),
(61, 'SHAFEER K U', 'KODUNGALLUR', '', ''),
(62, 'SHAFEER K U', 'KODUNGALLUR', '', ''),
(63, 'ANTONY ', 'THRISSUR', '', ''),
(64, 'SHAFEER K U', 'KODUNGALLUR', '', ''),
(65, 'ANTONY ', 'THRISSUR', '', ''),
(66, 'NILSHAD KASIM', 'THRISSUR', '', ''),
(67, 'AMAL KUMAR', 'SHORNUR', '', ''),
(68, 'ANTONY ', 'THRISSUR', '', ''),
(69, 'SHAFEER K U', 'KODUNGALLUR', '', ''),
(70, 'AMAL KUMAR', 'SHORNUR', '', ''),
(71, 'NILSHAD KASIM', 'THRISSUR', '', ''),
(72, 'ANTONY ', 'THRISSUR', '', ''),
(73, 'SHAFEER K U', 'KODUNGALLUR', '', ''),
(74, 'AMAL KUMAR', 'SHORNUR', '', ''),
(75, 'NIZAMUDHEEN', 'SHORANNUR', '', ''),
(76, 'SHAFEER K U', 'KODUNGALLUR', '', ''),
(77, 'SHAFEER K U', 'KODUNGALLUR', '', ''),
(78, 'SHAFEER K U', 'KODUNGALLUR', '', ''),
(79, 'SHAFEER K U', 'KODUNGALLUR', '', ''),
(80, 'SHAFEER K U', 'KODUNGALLUR', '', ''),
(81, 'AMAL KUMAR', 'SHORNUR', '', ''),
(82, 'NILSHAD KASIM', 'THRISSUR', '', ''),
(83, 'SHAFEER K U', 'KODUNGALLUR', '', ''),
(84, 'ANTONY ', 'THRISSUR', '', ''),
(85, 'ANTONY ', 'THRISSUR', '', ''),
(86, 'ANTONY ', 'THRISSUR', '', ''),
(87, 'AMAL KUMAR', 'SHORNUR', '', ''),
(88, 'SHAFEER K U', 'KODUNGALLUR', '', ''),
(89, 'NILSHAD KASIM', 'THRISSUR', '', ''),
(90, 'NIZAMUDHEEN', 'SHORNUR', '', ''),
(91, 'ANTONY NB', 'THRISSUR', '', ''),
(92, 'SHAFEER KU', 'KODUNGALLUR', '', ''),
(93, 'NILSHAD', 'THRISSUR', '', ''),
(94, 'NIZAM', 'SHORANUR', '', ''),
(95, 'ABHILASH RAMADEVAN', 'KODUNGALLUR', '', ''),
(96, 'MOHAMMED FAYAS', 'KODUNGALLUR', '', ''),
(97, 'SHABEER', 'KUNNAMKULAM', '', ''),
(98, 'VISHNU SHANKAR', 'SHORANUR', '', ''),
(99, 'VISHNU SHANKAR', 'SHORANUR', '', ''),
(100, 'NIZAM', 'SHORANUR', '', ''),
(101, 'VISHNU SHANKAR', 'SHORANUR', '', ''),
(102, 'AMAL KUMAR', 'SHORANUR', '', ''),
(103, 'SHAFEER KU', 'KODUNGALLUR', '', ''),
(104, 'NILSHAD', 'THRISSUR', '', ''),
(105, 'ANTONY NB', 'THRISSUR', '', ''),
(106, 'AMAL KUMAR', 'SHORANUR', '', ''),
(107, 'VISHNU SHANKAR', 'SHORANUR', '', ''),
(108, 'SHAFEER KU', 'KODUNGALLUR', '', ''),
(109, 'NILSHAD', 'THRISSUR', '', ''),
(110, 'NIZAM', 'SHORANUR', '', ''),
(111, 'VISHNU SHANKAR', 'SHORANUR', '', ''),
(112, 'AMAL KUMAR', 'SHORANUR', '', ''),
(113, 'SHAFEER KU', 'KODUNGALLUR', '', ''),
(114, 'NIZAM', 'SHORANUR', '', ''),
(115, 'ANTONY NB', 'THRISSUR', '', ''),
(116, 'AMAL KUMAR', 'SHORANUR', '', ''),
(117, 'VISHNU SHANKAR', 'SHORANUR', '', ''),
(118, 'SHAFEER KU', 'KODUNGALLUR', '', ''),
(119, 'ANTONY NB', 'THRISSUR', '', ''),
(120, 'ANTONY NB', 'THRISSUR', '', ''),
(121, 'NILSHAD', 'THRISSUR', '', ''),
(122, 'NIZAM', 'SHORANUR', '', ''),
(123, 'SHAFEER KU', 'KODUNGALLUR', '', ''),
(124, 'ANTONY NB', 'THRISSUR', '', ''),
(125, 'AMAL KUMAR', 'SHORANUR', '', ''),
(126, 'SHAFEER KU', 'KODUNGALLUR', '', ''),
(127, 'ANSAR ', 'THRISSUR', '', ''),
(128, 'SREEJITH', 'THRISSUR', '', ''),
(129, 'ANTONY NB', 'THRISSUR', '', ''),
(130, 'SHAFEER KU', 'KODUNGALLUR', '', ''),
(131, 'VISHNU SHANKAR', 'SHORANUR', '', ''),
(132, 'VISHNU SHANKAR', 'SHORANUR', '', ''),
(133, 'ANTONY NB', 'THRISSUR', '', ''),
(134, 'AMAL KUMAR', 'SHORANUR', '', ''),
(135, 'VISHNU SHANKAR', 'SHORANUR', '', ''),
(136, 'ABHILASH RAMADEVAN', 'KODUNGALLUR', '', ''),
(137, 'AMAL KUMAR', 'SHORANUR', '', ''),
(138, 'SHAFEER KU', 'KODUNGALLUR', '', ''),
(139, 'SHAFEER KU', 'KODUNGALLUR', '', ''),
(140, 'AMAL KUMAR', 'SHORANUR', '', ''),
(141, 'ANANTHASAGAR', 'THRISSUR', '', ''),
(142, 'VISHNU SHANKAR', 'SHORANUR', '', ''),
(143, 'ANTONY NB', 'THRISSUR', '', ''),
(144, 'SHAFEER KU', 'KODUNGALLUR', '', ''),
(145, 'ABHILASH RAMADEVAN', 'KODUNGALLUR', '', ''),
(146, 'ANTONY NB', 'THRISSUR', '', ''),
(147, 'VISHNU SHANKAR', 'SHORANUR', '', ''),
(148, 'ABHILASH RAMADEVAN', 'KODUNGALLUR', '', ''),
(149, 'ABHILASH RAMADEVAN', 'KODUNGALLUR', '', ''),
(150, 'SHAFEER KU', 'KODUNGALLUR', '', ''),
(151, 'ANTONY NB', 'THRISSUR', '', ''),
(152, 'SAJI', 'THRISSUR', '', ''),
(153, 'DELIGHT', 'THRISSUR', '', ''),
(154, 'VISHNU SHANKAR', 'SHORANUR', '', ''),
(155, 'SHAFEER KU', 'KODUNGALLUR', '', ''),
(156, 'ABHILASH RAMADEVAN', 'KODUNGALLUR', '', ''),
(157, 'ANTONY NB', 'THRISSUR', '', ''),
(158, 'ABHILASH RAMADEVAN', 'KODUNGALLUR', '', ''),
(159, 'SHAFEER KU', 'KODUNGALLUR', '', ''),
(160, 'AMAL KUMAR', 'SHORANUR', '', ''),
(161, 'ANTONY NB', 'THRISSUR', '', ''),
(162, 'ANTONY NB', 'THRISSUR', '', ''),
(163, 'SHAFEER KU', 'KODUNGALLUR', '', ''),
(164, 'ABHILASH RAMADEVAN', 'KODUNGALLUR', '', ''),
(165, 'AMAL KUMAR', 'SHORANUR', '', ''),
(166, 'ANTONY NB', 'THRISSUR', '', ''),
(167, 'SHAFEER KU', 'KODUNGALLUR', '', ''),
(168, 'SHAFEER KU', 'KODUNGALLUR', '', ''),
(169, 'ABHILASH RAMADEVAN', 'KODUNGALLUR', '', ''),
(170, 'ANEESH ', 'THRISSUR', '', ''),
(171, 'TINS THOMAS', 'SHORANNUR', '', ''),
(172, 'NABEEL', 'KUNNAMKULAM', '', ''),
(173, 'HARSHAD', 'KUNNAMKULAM', '', ''),
(174, 'PRAVEEN', 'THRISSUR', '', ''),
(175, 'NABEEL', 'KUNNAMKULAM', '', ''),
(176, 'SHAFEER KU', 'KODUNGALLUR', '', ''),
(177, 'ANTONY NB', 'THRISSUR', '', ''),
(178, 'ANTONY NB', 'THRISSUR', '', ''),
(179, 'ANEESH', 'THRISSUR', '', ''),
(180, 'ANEESH', 'THRISSUR', '', ''),
(181, 'TINS THOMAS', 'THRISSUR', '', ''),
(182, 'ABHILASH RAMADEVAN', 'KODUNGALLUR', '', ''),
(183, 'ABHILASH RAMADEVAN', 'KODUNGALLUR', '', ''),
(184, 'ANEESH', 'THRISSUR', '', ''),
(185, 'SHAFEER KU', 'KODUNGALLUR', '', ''),
(186, 'NABEEL', 'KUNNAMKULAM', '', ''),
(187, 'TINS THOMAS', 'SHORANUR', '', ''),
(188, 'ANEESH', 'THRISSUR', '', ''),
(189, 'ABHILASH RAMADEVAN', 'KODUNGALLUR', '', ''),
(190, 'NABEEL', 'KUNNAMKULAM', '', ''),
(191, 'ANTONY NB', 'THRISSUR', '', '');

-- --------------------------------------------------------

--
-- Table structure for table `estimation`
--

CREATE TABLE `estimation` (
  `sales_id` int(11) NOT NULL,
  `invoice_no` int(250) NOT NULL,
  `sales_date` date NOT NULL,
  `sales_time` time NOT NULL,
  `staff_id` int(11) NOT NULL,
  `sales` decimal(11,2) NOT NULL,
  `profit` decimal(11,2) NOT NULL,
  `enter_datetime` datetime NOT NULL DEFAULT current_timestamp()
) ENGINE=InnoDB DEFAULT CHARSET=latin1;

--
-- Dumping data for table `estimation`
--

INSERT INTO `estimation` (`sales_id`, `invoice_no`, `sales_date`, `sales_time`, `staff_id`, `sales`, `profit`, `enter_datetime`) VALUES
(1, 1001, '2020-08-05', '00:00:00', 4, '13022.73', '3789.48', '2020-08-25 13:13:05'),
(2, 1002, '2020-08-04', '00:00:00', 2, '10245.38', '3173.98', '2020-08-25 13:25:42'),
(3, 1003, '2020-08-05', '00:00:00', 3, '4620.65', '1451.25', '2020-08-25 13:48:36'),
(4, 1004, '2020-08-05', '10:00:00', 5, '7238.04', '2005.54', '2020-08-25 13:57:02'),
(5, 1005, '2020-08-05', '10:00:00', 6, '907.95', '307.95', '2020-08-25 14:01:38'),
(6, 1006, '2020-08-05', '10:00:00', 3, '9047.70', '2302.70', '2020-08-25 14:48:50'),
(7, 1007, '2020-08-06', '10:00:00', 4, '812.20', '75.95', '2020-08-25 16:59:36'),
(8, 1008, '2020-08-06', '10:00:00', 3, '922.24', '86.24', '2020-08-25 17:00:41'),
(9, 1009, '2020-08-06', '10:00:00', 2, '1545.80', '144.55', '2020-08-25 17:02:47'),
(10, 1010, '2020-08-06', '10:00:00', 6, '10.48', '0.98', '2020-08-25 17:03:35'),
(11, 1011, '2020-08-06', '10:00:00', 5, '235.80', '22.05', '2020-08-25 17:04:42'),
(12, 1012, '2020-08-07', '10:00:00', 2, '6344.56', '1827.76', '2020-08-25 17:09:18'),
(13, 1013, '2020-08-08', '10:00:00', 2, '1857.00', '607.00', '2020-08-25 17:13:05'),
(14, 1014, '2020-08-10', '10:00:00', 2, '714.30', '134.30', '2020-08-25 17:14:36'),
(15, 1015, '2020-08-10', '10:00:00', 3, '6466.62', '2406.62', '2020-08-25 17:20:25'),
(16, 1016, '2020-08-10', '10:00:00', 4, '1110.88', '103.88', '2020-08-25 17:21:13'),
(17, 1017, '2020-08-10', '10:00:00', 7, '5760.27', '1550.27', '2020-08-25 17:26:39'),
(18, 1018, '2020-08-11', '10:00:00', 2, '1828.56', '748.56', '2020-08-25 17:30:17'),
(19, 1019, '2020-08-12', '10:00:00', 2, '5924.16', '1484.16', '2020-08-25 18:04:39'),
(20, 1020, '2020-08-12', '10:00:00', 3, '5409.30', '1521.55', '2020-08-25 18:07:17'),
(21, 1021, '2020-08-12', '22:00:00', 4, '919.01', '231.51', '2020-08-25 18:09:19'),
(22, 1022, '2020-08-13', '10:00:00', 2, '2420.17', '452.67', '2020-08-25 18:17:47'),
(23, 1023, '2020-08-14', '10:00:00', 2, '6678.75', '2177.25', '2020-08-25 18:26:28'),
(24, 1024, '2020-08-14', '10:00:00', 2, '1428.60', '268.60', '2020-08-25 18:29:53'),
(25, 1025, '2020-08-14', '10:00:00', 3, '3571.50', '1191.50', '2020-08-25 18:30:55'),
(26, 1026, '2020-08-14', '10:00:00', 4, '214.29', '79.29', '2020-08-25 18:31:53'),
(27, 1027, '2020-08-15', '10:00:00', 2, '1048.00', '98.00', '2020-08-25 18:32:32'),
(28, 1028, '2020-08-17', '10:00:00', 2, '2905.18', '655.18', '2020-08-25 18:33:56'),
(29, 1029, '2020-08-18', '10:00:00', 2, '3386.35', '715.75', '2020-08-25 18:35:31'),
(30, 1030, '2020-08-19', '10:00:00', 2, '571.44', '211.44', '2020-08-25 18:37:17'),
(31, 1031, '2020-08-19', '10:00:00', 3, '8905.20', '2590.20', '2020-08-25 18:48:36'),
(32, 1032, '2020-08-20', '10:00:00', 2, '5524.00', '1484.00', '2020-08-25 18:49:39'),
(33, 1033, '2020-08-20', '10:00:00', 3, '2572.00', '812.00', '2020-08-25 18:50:27'),
(34, 1034, '2020-08-21', '10:00:00', 2, '2238.32', '683.32', '2020-08-25 18:51:36'),
(35, 1035, '2020-08-21', '10:00:00', 3, '1095.44', '260.44', '2020-08-25 18:52:28'),
(36, 1036, '2020-08-22', '10:00:00', 2, '5119.32', '1579.32', '2020-08-25 18:53:53'),
(37, 1037, '2020-08-24', '10:12:00', 8, '4806.43', '1404.43', '2020-08-25 19:51:04'),
(38, 1038, '2020-08-22', '10:10:00', 7, '8014.44', '2719.44', '2020-08-25 19:55:14'),
(39, 1039, '2020-08-24', '10:10:00', 9, '1449.70', '471.20', '2020-08-25 19:57:50'),
(40, 1040, '2020-08-24', '10:10:00', 3, '6519.04', '2096.84', '2020-08-25 19:59:40'),
(41, 1041, '2020-08-25', '10:05:00', 8, '524.00', '49.00', '2020-08-25 20:01:25'),
(42, 1042, '2020-08-24', '10:02:00', 2, '3143.44', '1023.44', '2020-08-25 20:22:40'),
(43, 1043, '2020-08-26', '10:00:00', 8, '524.00', '49.00', '2020-08-26 18:41:53'),
(44, 1044, '2020-08-26', '10:00:00', 2, '2547.32', '767.32', '2020-08-26 18:42:57'),
(45, 1045, '2020-08-26', '05:30:00', 3, '4214.20', '1239.20', '2020-08-27 10:44:15'),
(46, 1046, '2020-08-27', '10:00:00', 2, '4011.82', '931.82', '2020-08-27 10:47:30'),
(47, 1047, '2020-08-27', '10:15:00', 10, '1209.52', '335.77', '2020-08-27 10:53:01'),
(48, 1048, '2020-08-18', '16:00:00', 3, '9127.86', '2658.76', '2020-08-27 12:37:43'),
(49, 1049, '2020-08-27', '08:56:00', 3, '1048.00', '98.00', '2020-08-27 20:56:39'),
(50, 1050, '2020-08-28', '09:57:00', 8, '5.24', '0.49', '2020-08-28 09:57:56'),
(51, 1051, '2020-08-27', '10:05:00', 8, '495.30', '235.30', '2020-08-28 12:32:41'),
(52, 1052, '2020-08-27', '09:00:00', 3, '914.40', '434.40', '2020-08-28 12:33:15'),
(53, 1053, '2020-08-27', '10:10:00', 2, '914.40', '434.40', '2020-08-28 12:33:43'),
(54, 1054, '2020-08-27', '10:20:00', 10, '762.00', '362.00', '2020-08-28 12:37:02'),
(55, 1055, '2020-08-27', '09:00:00', 3, '1200.00', '382.80', '2020-08-28 14:22:38'),
(56, 1056, '2020-08-27', '10:00:00', 8, '1200.00', '382.80', '2020-08-28 14:24:24'),
(57, 1057, '2020-08-27', '10:15:00', 2, '1200.00', '382.80', '2020-08-28 14:25:50'),
(58, 1058, '2020-08-27', '10:10:00', 10, '1200.00', '382.80', '2020-08-28 14:28:34'),
(59, 1059, '2020-08-27', '10:15:00', 9, '1200.00', '382.80', '2020-08-28 14:29:48'),
(60, 1060, '2020-08-27', '10:20:00', 7, '1200.00', '382.80', '2020-08-28 14:30:59'),
(61, 1061, '2020-08-28', '23:04:00', 9, '1800.00', '574.20', '2020-08-28 14:35:47'),
(62, 1062, '2020-08-28', '02:36:00', 7, '1800.00', '574.20', '2020-08-28 14:37:17'),
(63, 1063, '2020-08-28', '02:37:00', 10, '240.00', '45.10', '2020-08-28 14:37:43'),
(64, 1064, '2020-08-28', '02:40:00', 9, '533.40', '253.40', '2020-08-28 14:41:04'),
(65, 1065, '2020-08-28', '02:40:00', 10, '0.00', '0.00', '2020-08-28 14:41:53'),
(66, 1066, '2020-08-28', '02:42:00', 7, '2743.20', '1303.20', '2020-08-28 14:42:32'),
(67, 1067, '2020-08-28', '02:55:00', 8, '1800.00', '574.20', '2020-08-28 15:01:20'),
(68, 1068, '2020-08-28', '02:40:00', 3, '3628.80', '1443.00', '2020-08-28 15:04:25'),
(69, 1069, '2020-08-28', '03:00:00', 2, '4543.20', '1877.40', '2020-08-28 15:05:58'),
(70, 1070, '2020-08-28', '03:15:00', 11, '7540.74', '2729.94', '2020-08-28 15:15:23'),
(71, 1071, '2020-08-28', '07:17:00', 3, '2237.88', '580.38', '2020-08-28 19:50:06'),
(72, 1072, '2020-09-01', '10:59:00', 2, '3162.12', '1322.12', '2020-09-01 10:09:15'),
(73, 1073, '2020-09-01', '05:56:00', 3, '3770.78', '909.28', '2020-09-01 17:57:33'),
(74, 1074, '2020-09-02', '10:00:00', 2, '750.00', '275.00', '2020-09-02 10:41:35'),
(75, 1075, '2020-09-02', '05:30:00', 3, '2548.80', '1132.80', '2020-09-02 17:44:26'),
(76, 1076, '2020-09-03', '10:00:00', 2, '1975.88', '555.88', '2020-09-03 10:15:44'),
(77, 1077, '2020-09-03', '05:00:00', 3, '4368.70', '1281.20', '2020-09-03 17:44:30'),
(78, 1078, '2020-09-03', '06:00:00', 11, '324.88', '30.38', '2020-09-03 18:47:38'),
(79, 1079, '2020-09-04', '10:00:00', 2, '1714.32', '634.32', '2020-09-04 10:18:35'),
(80, 1080, '2020-09-04', '05:00:00', 11, '833.00', '133.00', '2020-09-04 17:29:03'),
(81, 1081, '2020-09-05', '01:00:00', 9, '660.00', '242.00', '2020-09-05 12:46:16'),
(82, 1082, '2020-09-05', '01:00:00', 7, '26.20', '2.45', '2020-09-05 12:46:59'),
(83, 1083, '2020-09-05', '01:00:00', 7, '1000.04', '262.54', '2020-09-05 12:48:19'),
(84, 1084, '2020-08-05', '10:12:00', 3, '471.60', '44.10', '2020-09-07 12:09:02'),
(85, 1085, '2020-09-07', '05:00:00', 3, '3771.60', '1491.60', '2020-09-07 17:22:59'),
(86, 1086, '2020-09-08', '10:00:00', 2, '723.90', '343.90', '2020-09-08 10:55:11'),
(87, 1087, '2020-09-08', '10:00:00', 10, '0.00', '0.00', '2020-09-08 10:55:38'),
(88, 1088, '2020-09-08', '05:00:00', 2, '1828.80', '868.80', '2020-09-09 10:22:22'),
(89, 1089, '2020-09-09', '10:00:00', 2, '1666.00', '266.00', '2020-09-09 10:24:19'),
(90, 1090, '2020-09-09', '01:30:00', 7, '982.33', '269.83', '2020-09-09 13:24:02'),
(91, 1091, '2020-09-09', '06:00:00', 11, '1852.10', '255.85', '2020-09-09 18:44:19'),
(92, 1092, '2020-09-10', '05:00:00', 3, '6654.02', '2264.02', '2020-09-10 17:12:40'),
(93, 1093, '2020-09-10', '05:00:00', 3, '1600.00', '500.00', '2020-09-10 19:24:24'),
(94, 1094, '2020-09-11', '10:00:00', 2, '1488.00', '465.00', '2020-09-11 10:36:14'),
(95, 1095, '2020-09-11', '02:00:00', 2, '4514.77', '1571.27', '2020-09-11 14:11:53'),
(96, 1096, '2020-09-11', '02:00:00', 3, '4974.33', '1921.33', '2020-09-11 14:14:06'),
(97, 1097, '2020-09-10', '05:00:00', 2, '5000.00', '1875.00', '2020-09-11 18:06:10'),
(98, 1098, '2020-09-12', '06:00:00', 3, '4523.20', '1323.20', '2020-09-12 17:48:20'),
(99, 1099, '2020-09-14', '10:00:00', 2, '1975.88', '555.88', '2020-09-14 10:22:39'),
(100, 1100, '2020-09-14', '05:00:00', 3, '5661.60', '1801.60', '2020-09-15 14:33:56'),
(101, 1101, '2020-09-15', '10:00:00', 2, '3961.60', '1101.60', '2020-09-15 14:41:06'),
(102, 1102, '2020-09-14', '10:00:00', 14, '3816.50', '1466.50', '2020-09-15 16:21:55'),
(103, 1103, '2020-09-15', '10:00:00', 15, '4778.06', '1648.06', '2020-09-15 16:25:45'),
(104, 1104, '2020-09-15', '10:00:00', 16, '4778.06', '1648.06', '2020-09-15 16:27:52'),
(105, 1105, '2020-09-15', '06:00:00', 3, '4649.50', '1599.50', '2020-09-15 19:03:25'),
(106, 1106, '2020-09-15', '06:00:00', 11, '4649.50', '1599.50', '2020-09-15 19:04:04'),
(107, 1107, '2020-09-16', '10:00:00', 17, '4649.50', '1599.50', '2020-09-16 10:41:26'),
(108, 1108, '2020-09-16', '10:00:00', 16, '3400.00', '1400.00', '2020-09-16 10:42:00'),
(109, 1109, '2020-09-16', '11:00:00', 17, '1828.56', '748.56', '2020-09-16 12:22:18'),
(110, 1110, '2020-09-16', '05:00:00', 2, '3971.44', '1611.44', '2020-09-16 17:26:42'),
(111, 1111, '2020-09-14', '10:00:00', 14, '5285.26', '1562.76', '2020-09-16 18:08:07'),
(112, 1112, '2020-09-16', '06:00:00', 3, '3238.00', '1238.00', '2020-09-16 18:28:17'),
(113, 1113, '2020-09-16', '06:00:00', 14, '3238.00', '1238.00', '2020-09-16 18:28:39'),
(114, 1114, '2020-09-16', '10:00:00', 17, '1752.37', '717.37', '2020-09-17 15:35:58'),
(115, 1115, '2020-09-18', '10:00:00', 14, '3963.90', '1207.90', '2020-09-18 15:46:33'),
(116, 1116, '2020-09-18', '10:00:00', 2, '7136.48', '2052.48', '2020-09-18 16:18:35'),
(117, 1117, '2020-09-18', '10:00:00', 18, '3078.06', '948.06', '2020-09-18 16:22:59');

-- --------------------------------------------------------

--
-- Table structure for table `estimation_articles`
--

CREATE TABLE `estimation_articles` (
  `id` int(11) NOT NULL,
  `sales_id` int(11) NOT NULL,
  `article_id` int(11) NOT NULL,
  `article_qty` int(11) NOT NULL
) ENGINE=InnoDB DEFAULT CHARSET=latin1;

--
-- Dumping data for table `estimation_articles`
--

INSERT INTO `estimation_articles` (`id`, `sales_id`, `article_id`, `article_qty`) VALUES
(1, 1, 1, 17),
(2, 1, 2, 32),
(3, 1, 3, 5),
(4, 1, 6, 50),
(5, 1, 7, 0),
(6, 1, 9, 149),
(7, 1, 10, 5),
(8, 1, 12, 204),
(9, 1, 13, 129),
(10, 2, 1, 30),
(11, 2, 2, 15),
(12, 2, 3, 6),
(13, 2, 6, 37),
(14, 2, 9, 112),
(15, 2, 10, 10),
(16, 2, 12, 130),
(17, 2, 13, 109),
(18, 3, 1, 6),
(19, 3, 2, 3),
(20, 3, 3, 106),
(21, 3, 6, 2),
(22, 3, 9, 72),
(23, 3, 10, 0),
(24, 3, 12, 104),
(25, 4, 1, 0),
(26, 4, 2, 11),
(27, 4, 4, 1),
(28, 4, 6, 4),
(29, 4, 9, 134),
(30, 4, 10, 0),
(31, 4, 11, 1),
(32, 4, 12, 76),
(33, 4, 13, 150),
(34, 5, 1, 6),
(35, 5, 2, 1),
(36, 5, 9, -76),
(37, 5, 10, 0),
(38, 5, 12, 94),
(39, 5, 13, 0),
(40, 6, 13, 150),
(41, 6, 2, 40),
(42, 6, 10, 0),
(43, 6, 9, 100),
(44, 6, 12, 100),
(54, 7, 14, 155),
(55, 8, 14, 176),
(56, 9, 14, 295),
(57, 10, 14, 2),
(58, 11, 14, 45),
(59, 12, 2, 20),
(60, 12, 12, 200),
(61, 12, 6, 86),
(62, 13, 9, 100),
(63, 14, 2, 10),
(64, 15, 9, 100),
(65, 15, 12, 50),
(66, 15, 1, 48),
(67, 16, 14, 212),
(68, 17, 9, 14),
(69, 17, 12, 44),
(70, 17, 3, 50),
(71, 17, 1, 24),
(72, 17, 14, 200),
(73, 17, 2, 21),
(74, 18, 1, 24),
(75, 19, 2, 20),
(76, 19, 14, 200),
(77, 19, 13, 100),
(78, 19, 1, 24),
(79, 20, 13, 100),
(80, 20, 12, 122),
(81, 20, 14, 53),
(82, 20, 9, 64),
(83, 21, 13, 43),
(84, 21, 9, 12),
(85, 21, 2, 0),
(86, 21, 14, 0),
(87, 22, 2, 10),
(88, 22, 14, 100),
(89, 22, 13, 73),
(90, 23, 12, 68),
(91, 23, 9, 95),
(92, 23, 4, 100),
(93, 23, 15, 120),
(94, 24, 2, 20),
(95, 25, 2, 10),
(96, 25, 15, 120),
(97, 26, 15, 9),
(98, 27, 14, 200),
(99, 28, 14, 200),
(100, 28, 2, 10),
(101, 28, 15, 48),
(102, 29, 7, 7),
(103, 29, 14, 300),
(104, 29, 2, 8),
(105, 29, 15, 48),
(106, 30, 15, 24),
(107, 31, 16, 200),
(108, 31, 15, 120),
(109, 31, 14, 100),
(110, 31, 6, 300),
(111, 32, 16, 200),
(112, 32, 6, 300),
(113, 33, 6, 200),
(114, 34, 14, 100),
(115, 34, 15, 72),
(116, 35, 14, 100),
(117, 35, 15, 24),
(118, 36, 6, 200),
(119, 36, 16, 100),
(120, 36, 15, 72),
(121, 37, 1, 0),
(122, 37, 16, 65),
(123, 37, 6, 165),
(124, 37, 15, 68),
(125, 37, 14, 100),
(126, 38, 15, 72),
(127, 38, 6, 100),
(128, 38, 16, 100),
(129, 38, 14, 100),
(130, 38, 1, 48),
(131, 39, 1, 6),
(132, 39, 6, 65),
(133, 39, 16, 10),
(134, 39, 15, 0),
(135, 39, 14, 14),
(136, 40, 6, 244),
(137, 40, 15, 120),
(138, 40, 14, 100),
(139, 41, 14, 100),
(140, 42, 6, 200),
(141, 42, 15, 24),
(142, 43, 14, 100),
(143, 43, 15, 0),
(144, 44, 15, 72),
(145, 44, 16, 100),
(146, 45, 15, 120),
(147, 45, 16, 100),
(148, 45, 14, 100),
(149, 46, 14, 200),
(150, 46, 15, 72),
(151, 46, 16, 150),
(152, 47, 15, 24),
(153, 47, 16, 30),
(154, 47, 14, 45),
(155, 47, 1, 2),
(156, 48, 15, 39),
(157, 48, 13, 23),
(158, 48, 9, 38),
(159, 48, 2, 32),
(160, 48, 14, 188),
(161, 48, 12, 29),
(162, 48, 7, 9),
(163, 48, 1, 38),
(164, 48, 3, 48),
(165, 49, 14, 200),
(166, 50, 14, 1),
(167, 51, 17, 13),
(168, 52, 17, 24),
(169, 53, 17, 24),
(170, 54, 17, 20),
(171, 55, 18, 40),
(172, 56, 18, 40),
(173, 57, 18, 40),
(174, 58, 18, 40),
(175, 59, 18, 40),
(176, 60, 18, 40),
(177, 61, 18, 60),
(178, 62, 18, 60),
(179, 63, 18, 8),
(180, 64, 17, 14),
(181, 65, 17, 0),
(182, 66, 17, 72),
(183, 67, 18, 60),
(184, 67, 17, 0),
(185, 68, 18, 60),
(186, 68, 17, 48),
(187, 69, 18, 60),
(188, 69, 17, 72),
(189, 70, 18, 60),
(190, 70, 17, 48),
(191, 70, 14, 100),
(192, 70, 15, 48),
(193, 70, 16, 50),
(194, 70, 1, 24),
(195, 71, 15, 48),
(196, 71, 16, 100),
(197, 71, 14, 50),
(198, 72, 15, 72),
(199, 72, 17, 38),
(200, 73, 14, 154),
(201, 73, 16, 150),
(202, 73, 15, 72),
(203, 74, 18, 25),
(204, 75, 17, 48),
(205, 75, 18, 24),
(206, 76, 16, 100),
(207, 76, 15, 48),
(208, 77, 15, 120),
(209, 77, 16, 150),
(210, 77, 14, 50),
(211, 78, 14, 62),
(212, 79, 15, 72),
(213, 80, 16, 100),
(214, 81, 18, 22),
(215, 82, 14, 5),
(216, 83, 14, 50),
(217, 83, 16, 20),
(218, 83, 15, 24),
(219, 84, 14, 90),
(220, 85, 15, 120),
(221, 85, 17, 24),
(222, 86, 17, 19),
(223, 87, 15, 0),
(224, 88, 17, 48),
(225, 89, 16, 200),
(226, 90, 13, 32),
(227, 90, 9, 25),
(228, 91, 14, 115),
(229, 91, 16, 150),
(230, 92, 1, 48),
(231, 92, 16, 250),
(232, 92, 17, 24),
(233, 93, 21, 100),
(234, 94, 21, 93),
(235, 95, 14, 86),
(236, 95, 17, 30),
(237, 95, 15, 24),
(238, 95, 16, 90),
(239, 95, 1, 21),
(240, 96, 6, 135),
(241, 96, 17, 28),
(242, 96, 15, 24),
(243, 96, 1, 21),
(244, 97, 20, 25),
(245, 98, 15, 120),
(246, 98, 16, 200),
(247, 99, 15, 48),
(248, 99, 16, 100),
(249, 100, 16, 100),
(250, 100, 2, 20),
(251, 100, 22, 200),
(252, 101, 16, 100),
(253, 101, 22, 100),
(254, 101, 2, 20),
(255, 102, 22, 200),
(256, 102, 16, 50),
(257, 103, 16, 150),
(258, 103, 22, 100),
(259, 103, 1, 24),
(260, 104, 22, 100),
(261, 104, 16, 150),
(262, 104, 1, 24),
(263, 105, 22, 200),
(264, 105, 16, 150),
(265, 106, 22, 200),
(266, 106, 16, 150),
(267, 107, 22, 200),
(268, 107, 16, 150),
(269, 108, 22, 200),
(270, 109, 1, 24),
(271, 110, 22, 200),
(272, 110, 15, 24),
(273, 111, 22, 40),
(274, 111, 16, 100),
(275, 111, 2, 20),
(276, 111, 1, 24),
(277, 111, 8, 25),
(278, 112, 22, 200),
(279, 113, 22, 200),
(280, 114, 1, 23),
(281, 115, 2, 30),
(282, 115, 17, 10),
(283, 115, 23, 48),
(284, 116, 17, 18),
(285, 116, 15, 17),
(286, 116, 23, 48),
(287, 116, 22, 24),
(288, 116, 6, 35),
(289, 116, 16, 195),
(290, 116, 2, 30),
(291, 117, 16, 150),
(292, 117, 1, 24);

-- --------------------------------------------------------

--
-- Table structure for table `foc`
--

CREATE TABLE `foc` (
  `foc_id` int(11) NOT NULL,
  `invoice_no` varchar(250) NOT NULL,
  `foc_date` date NOT NULL,
  `foc_time` time NOT NULL,
  `customer_id` int(11) NOT NULL,
  `branch_id` int(11) NOT NULL,
  `staff_id` int(11) NOT NULL,
  `foc` decimal(11,2) NOT NULL,
  `profit` decimal(11,2) NOT NULL,
  `paid` varchar(250) NOT NULL,
  `enter_datetime` datetime NOT NULL DEFAULT current_timestamp()
) ENGINE=InnoDB DEFAULT CHARSET=latin1;

--
-- Dumping data for table `foc`
--

INSERT INTO `foc` (`foc_id`, `invoice_no`, `foc_date`, `foc_time`, `customer_id`, `branch_id`, `staff_id`, `foc`, `profit`, `paid`, `enter_datetime`) VALUES
(1, '', '2020-08-06', '04:48:34', 6, 0, 1, '25695.00', '4320.00', '0', '2020-08-25 16:49:51'),
(2, '', '2020-08-05', '12:03:21', 141, 0, 1, '571.00', '96.00', '0', '2020-09-07 12:04:11');

-- --------------------------------------------------------

--
-- Table structure for table `foc_articles`
--

CREATE TABLE `foc_articles` (
  `id` int(11) NOT NULL,
  `foc_id` int(11) NOT NULL,
  `article_id` int(11) NOT NULL,
  `article_qty` int(11) NOT NULL
) ENGINE=InnoDB DEFAULT CHARSET=latin1;

--
-- Dumping data for table `foc_articles`
--

INSERT INTO `foc_articles` (`id`, `foc_id`, `article_id`, `article_qty`) VALUES
(1, 1, 10, 4500),
(2, 2, 10, 100);

-- --------------------------------------------------------

--
-- Table structure for table `grv`
--

CREATE TABLE `grv` (
  `grv_id` int(11) NOT NULL,
  `sales_id` int(11) NOT NULL,
  `grv_date` date NOT NULL,
  `sales` varchar(250) NOT NULL,
  `profit` varchar(250) NOT NULL
) ENGINE=InnoDB DEFAULT CHARSET=utf8mb4;

-- --------------------------------------------------------

--
-- Table structure for table `grv_articles`
--

CREATE TABLE `grv_articles` (
  `id` int(11) NOT NULL,
  `grv_id` int(11) NOT NULL,
  `article_id` int(11) NOT NULL,
  `article_qty` varchar(250) NOT NULL
) ENGINE=InnoDB DEFAULT CHARSET=utf8mb4;

-- --------------------------------------------------------

--
-- Table structure for table `sales`
--

CREATE TABLE `sales` (
  `sales_id` int(11) NOT NULL,
  `invoice_no` varchar(250) NOT NULL,
  `sales_date` date NOT NULL,
  `sales_time` time NOT NULL,
  `customer_id` int(11) NOT NULL,
  `staff_id` int(11) NOT NULL,
  `sales` decimal(11,2) NOT NULL,
  `profit` decimal(11,2) NOT NULL,
  `paid` varchar(250) NOT NULL,
  `enter_datetime` datetime NOT NULL DEFAULT current_timestamp(),
  `category` int(11) NOT NULL DEFAULT 0,
  `total` decimal(11,2) NOT NULL
) ENGINE=InnoDB DEFAULT CHARSET=latin1;

--
-- Dumping data for table `sales`
--

INSERT INTO `sales` (`sales_id`, `invoice_no`, `sales_date`, `sales_time`, `customer_id`, `staff_id`, `sales`, `profit`, `paid`, `enter_datetime`, `category`, `total`) VALUES
(1, '1001', '2020-08-07', '06:10:03', 8, 1, '1905.00', '605.00', '0', '2020-08-25 18:11:11', 1, '2000.50'),
(2, '1002', '2020-08-12', '06:15:43', 9, 1, '2142.90', '402.90', '0', '2020-08-25 18:21:42', 1, '2250.50'),
(3, '1003', '2020-08-05', '10:34:47', 3, 3, '3033.42', '1006.42', '3185', '2020-08-26 10:39:40', 0, '3185.50'),
(4, '1004', '2020-08-05', '10:56:03', 12, 2, '4624.06', '1397.96', '4855.26', '2020-08-26 11:01:40', 0, '4855.50'),
(5, '1005', '2020-08-06', '11:33:21', 13, 3, '2573.05', '705.55', '2701', '2020-08-26 11:36:00', 0, '2702.00'),
(6, '1006', '2020-08-06', '11:44:42', 14, 2, '1677.24', '352.74', '1761.1', '2020-08-26 11:48:36', 0, '1761.50'),
(7, '1007', '2020-08-06', '11:52:22', 15, 4, '1656.87', '488.62', '1739', '2020-08-26 11:56:50', 0, '1740.00'),
(8, '1008', '2020-08-07', '11:58:00', 16, 4, '2551.45', '792.45', '2679', '2020-08-26 12:04:04', 0, '2679.00'),
(9, '1009', '2020-08-07', '12:05:01', 17, 3, '2768.60', '754.60', '2907', '2020-08-26 12:09:46', 0, '2907.00'),
(10, '1010', '2020-08-07', '12:10:35', 18, 2, '2542.01', '775.01', '2669.11', '2020-08-26 12:35:00', 0, '2669.50'),
(11, '1011', '2020-08-08', '12:57:23', 19, 2, '3763.15', '1137.65', '3951.31', '2020-08-26 13:03:34', 0, '3951.50'),
(12, '1012', '2020-08-08', '01:04:56', 20, 3, '1653.83', '376.33', '1736.5', '2020-08-26 13:08:55', 0, '1736.50'),
(13, '1013', '2020-08-08', '01:08:55', 21, 4, '2447.71', '589.21', '2570', '2020-08-26 13:14:53', 0, '2570.50'),
(14, '1014', '2020-08-10', '01:17:06', 22, 2, '3338.38', '939.38', '3505.3', '2020-08-26 13:22:32', 0, '3505.50'),
(15, '1015', '2020-08-10', '01:31:08', 23, 3, '1698.20', '504.70', '1783', '2020-08-26 13:35:10', 0, '1783.50'),
(16, '1016', '2020-08-10', '01:35:10', 24, 4, '1707.21', '489.46', '1792.5', '2020-08-26 13:38:25', 0, '1793.00'),
(17, '1017', '2020-08-11', '01:38:39', 25, 2, '3278.81', '885.56', '3442.75', '2020-08-26 13:43:02', 0, '3443.00'),
(18, '1018', '2020-08-11', '01:43:16', 26, 3, '704.86', '158.36', '740', '2020-08-26 13:47:27', 0, '740.50'),
(19, '1019', '2020-08-11', '01:47:27', 27, 4, '2196.84', '561.59', '2306.6', '2020-08-26 13:50:51', 0, '2307.00'),
(20, '1020', '2020-08-11', '01:54:37', 28, 5, '2983.81', '736.06', '3133', '2020-08-26 13:57:35', 0, '3133.00'),
(21, '1021', '2020-08-12', '02:28:25', 29, 2, '2961.00', '627.50', '3109', '2020-08-26 14:31:29', 0, '3109.50'),
(22, '1022', '2020-08-12', '02:31:29', 30, 3, '2401.98', '697.48', '2522', '2020-08-26 14:35:14', 0, '2522.50'),
(23, '1023', '2020-08-12', '02:35:14', 31, 4, '2049.61', '553.86', '2152', '2020-08-26 14:38:21', 0, '2152.50'),
(24, '1024', '2020-08-13', '02:38:21', 32, 7, '908.08', '288.58', '953', '2020-08-26 14:40:39', 0, '953.50'),
(25, '1025', '2020-08-13', '02:41:29', 33, 2, '2884.96', '534.46', '3029.21', '2020-08-26 14:43:51', 0, '3029.50'),
(26, '1026', '2020-08-14', '02:43:51', 34, 7, '833.44', '162.44', '875.11', '2020-08-26 14:46:54', 0, '875.50'),
(27, '1027', '2020-08-14', '02:46:54', 35, 7, '681.13', '113.13', '493', '2020-08-26 14:48:46', 0, '715.50'),
(28, '1028', '2020-08-14', '02:48:46', 36, 3, '1911.99', '610.24', '2007.5', '2020-08-26 15:19:58', 0, '2008.00'),
(29, '1029', '2020-08-14', '03:19:58', 37, 2, '1663.60', '323.85', '1746.78', '2020-08-26 15:33:49', 0, '1747.00'),
(30, '1030', '2020-08-15', '03:33:49', 38, 3, '5224.51', '1550.51', '5485', '2020-08-26 15:37:42', 0, '5486.00'),
(31, '1031', '2020-08-15', '03:37:42', 39, 2, '4083.15', '1053.40', '4287.31', '2020-08-26 15:41:13', 0, '4287.50'),
(32, '1032', '2020-08-17', '03:41:13', 40, 3, '2277.31', '694.81', '2391', '2020-08-26 15:44:16', 0, '2391.50'),
(33, '1033', '2020-08-17', '03:44:58', 41, 2, '3968.45', '1165.45', '4166.5', '2020-08-26 15:47:37', 0, '4167.00'),
(34, '1034', '2020-08-18', '03:47:43', 42, 2, '2343.59', '618.24', '2460.77', '2020-08-26 15:50:05', 0, '2461.00'),
(35, '1035', '2020-08-18', '04:01:08', 43, 3, '3393.10', '972.60', '3562', '2020-08-26 16:04:48', 0, '3563.00'),
(36, '1036', '2020-08-19', '04:04:58', 44, 3, '1207.19', '338.69', '1267.5', '2020-08-26 16:08:21', 0, '1268.00'),
(37, '1037', '2020-08-20', '04:08:21', 45, 2, '1645.50', '494.25', '1727.78', '2020-08-26 16:11:10', 0, '1728.00'),
(38, '1038', '2020-08-20', '04:11:10', 46, 3, '4951.68', '1600.98', '5199', '2020-08-26 16:15:14', 0, '5199.50'),
(39, '1039', '2020-08-21', '04:25:26', 47, 3, '3000.45', '942.70', '3150', '2020-08-26 16:29:25', 0, '3150.50'),
(40, '1040', '2020-08-21', '04:29:52', 48, 2, '3281.06', '1005.71', '3445.11', '2020-08-26 16:34:46', 0, '3445.50'),
(41, '1041', '2020-08-22', '04:34:46', 49, 3, '2941.46', '926.96', '3088', '2020-08-26 16:41:45', 0, '3088.50'),
(42, '1042', '2020-08-22', '04:41:45', 50, 2, '4152.47', '1261.37', '4360', '2020-08-26 16:46:45', 0, '4360.50'),
(43, '1043', '2020-08-24', '04:46:45', 51, 8, '1451.18', '444.03', '1523.74', '2020-08-26 16:51:27', 0, '1524.00'),
(44, '1044', '2020-08-24', '05:00:18', 52, 7, '190.50', '60.50', '200', '2020-08-26 17:01:45', 0, '200.00'),
(45, '1045', '2020-08-24', '05:01:45', 53, 7, '299.94', '61.44', '315', '2020-08-26 17:03:29', 0, '315.00'),
(46, '1046', '2020-08-24', '05:07:56', 54, 9, '192.90', '60.90', '200', '2020-08-26 17:08:46', 0, '203.00'),
(47, '1047', '2020-08-24', '05:08:46', 55, 2, '2314.61', '694.11', '2430.34', '2020-08-26 17:12:31', 0, '2430.50'),
(48, '1048', '2020-08-24', '05:12:31', 56, 3, '2932.71', '946.06', '3079', '2020-08-26 17:16:52', 0, '3079.50'),
(49, '1049', '2020-08-25', '05:16:52', 57, 7, '271.43', '106.43', '285', '2020-08-26 17:18:27', 0, '285.00'),
(50, '1050', '2020-08-25', '05:18:27', 58, 8, '1707.96', '424.06', '1793.36', '2020-08-26 17:20:43', 0, '1793.50'),
(51, '1051', '2020-08-25', '05:20:43', 59, 2, '1878.44', '531.44', '1972', '2020-08-26 17:22:43', 0, '1972.50'),
(52, '1052', '2020-08-25', '05:22:43', 60, 3, '1860.75', '624.95', '1953', '2020-08-26 17:25:19', 0, '1954.00'),
(53, '1053', '2020-08-20', '07:14:18', 61, 3, '124.95', '19.95', '131', '2020-08-26 19:26:15', 0, '131.50'),
(54, '1054', '2020-08-21', '07:26:15', 62, 3, '374.85', '59.85', '393.5', '2020-08-26 19:26:51', 0, '394.00'),
(55, '1055', '2020-08-21', '07:26:51', 63, 2, '508.13', '81.13', '533.5', '2020-08-26 19:27:36', 0, '533.50'),
(56, '1056', '2020-08-22', '07:27:36', 64, 3, '249.90', '39.90', '262', '2020-08-26 19:28:29', 0, '262.50'),
(57, '1057', '2020-08-22', '07:28:29', 65, 2, '791.35', '126.35', '830', '2020-08-26 19:29:26', 0, '831.00'),
(58, '1058', '2020-08-24', '07:29:26', 66, 8, '116.62', '18.62', '122', '2020-08-26 19:30:17', 0, '122.50'),
(59, '1059', '2020-08-24', '07:30:17', 67, 7, '249.90', '39.90', '262', '2020-08-26 19:31:07', 0, '262.50'),
(60, '1060', '2020-08-24', '07:31:07', 68, 2, '183.26', '29.26', '192', '2020-08-26 19:32:17', 0, '192.50'),
(61, '1061', '2020-08-24', '07:32:17', 69, 3, '283.22', '45.22', '297', '2020-08-26 19:33:04', 0, '297.50'),
(62, '1062', '2020-08-25', '07:33:04', 70, 7, '249.90', '39.90', '0', '2020-08-26 19:33:54', 0, '262.50'),
(63, '1063', '2020-08-25', '07:33:54', 71, 8, '174.93', '27.93', '184', '2020-08-26 19:34:44', 0, '184.00'),
(64, '1064', '2020-08-25', '07:35:39', 72, 2, '83.30', '13.30', '87', '2020-08-26 19:36:37', 0, '87.50'),
(65, '1065', '2020-08-25', '08:00:42', 73, 3, '166.60', '26.60', '174.9', '2020-08-26 20:01:14', 0, '175.00'),
(66, '1066', '2020-08-26', '08:01:14', 74, 7, '166.60', '26.60', '175', '2020-08-26 20:02:14', 0, '175.00'),
(67, '1067', '2020-08-18', '12:41:25', 76, 3, '495.30', '157.30', '520', '2020-08-27 12:42:27', 0, '520.50'),
(68, '1068', '2020-08-19', '12:42:27', 77, 3, '571.44', '107.44', '600', '2020-08-27 12:43:07', 0, '600.00'),
(69, '1069', '2020-08-21', '12:43:07', 78, 3, '928.50', '303.50', '974.93', '2020-08-27 12:48:17', 0, '975.00'),
(70, '1070', '2020-08-22', '12:48:18', 79, 3, '214.29', '40.29', '225', '2020-08-27 12:49:41', 0, '225.00'),
(71, '1071', '2020-08-25', '12:54:53', 80, 3, '272.48', '25.48', '286.1', '2020-08-27 12:55:46', 0, '286.50'),
(72, '1072', '2020-08-26', '12:58:11', 81, 7, '1163.56', '274.81', '1222', '2020-08-27 13:00:21', 0, '1222.00'),
(73, '1073', '2020-08-26', '01:01:06', 82, 8, '747.80', '212.80', '785', '2020-08-27 13:02:01', 0, '785.50'),
(74, '1074', '2020-08-26', '01:05:41', 83, 3, '2105.77', '541.47', '2211', '2020-08-27 13:07:18', 0, '2211.50'),
(75, '1075', '2020-08-26', '01:08:47', 84, 2, '3233.70', '963.50', '3395', '2020-08-27 13:10:52', 0, '3395.50'),
(76, '1076', '2020-08-14', '06:14:06', 85, 2, '1214.31', '449.31', '1275', '2020-08-27 18:14:33', 0, '1275.00'),
(77, '1077', '2020-08-27', '07:08:08', 86, 2, '1596.01', '445.41', '1675', '2020-08-27 19:11:44', 0, '1676.00'),
(78, '1078', '2020-08-27', '10:47:48', 87, 7, '142.86', '26.86', '150', '2020-08-28 10:49:01', 0, '150.00'),
(79, '1079', '2020-08-27', '11:08:17', 88, 3, '2060.82', '546.67', '2164', '2020-08-28 11:14:18', 0, '2164.00'),
(80, '1080', '2020-08-27', '11:14:18', 89, 8, '470.11', '76.71', '494', '2020-08-28 11:17:35', 0, '494.00'),
(81, '1081', '2020-08-28', '11:17:35', 90, 10, '516.66', '159.16', '542.5', '2020-08-28 11:20:08', 0, '542.50'),
(82, '1082', '2020-08-27', '12:52:09', 91, 2, '914.40', '434.40', '960', '2020-08-28 12:52:39', 0, '960.50'),
(83, '1083', '2020-08-27', '12:52:39', 92, 3, '914.40', '434.40', '960', '2020-08-28 12:54:59', 0, '960.50'),
(84, '1084', '2020-08-27', '12:55:18', 93, 8, '38.10', '18.10', '40', '2020-08-28 12:55:52', 0, '40.00'),
(85, '1085', '2020-08-27', '12:55:52', 94, 10, '190.50', '90.50', '200', '2020-08-28 12:57:30', 0, '200.00'),
(86, '1086', '2020-08-27', '03:17:00', 98, 9, '269.09', '92.09', '283', '2020-08-29 15:18:30', 0, '283.00'),
(87, '1087', '2020-08-27', '03:18:30', 99, 9, '128.60', '40.60', '135', '2020-08-29 15:19:36', 0, '135.00'),
(88, '1088', '2020-08-28', '03:21:26', 100, 10, '159.49', '44.49', '167.5', '2020-08-29 15:22:25', 0, '167.50'),
(89, '1089', '2020-08-28', '03:34:11', 101, 9, '257.20', '81.20', '270.5', '2020-08-29 15:35:01', 0, '270.50'),
(90, '1090', '2020-08-28', '03:35:01', 102, 7, '533.40', '155.40', '560', '2020-08-29 15:36:55', 0, '560.50'),
(91, '1091', '2020-08-28', '03:36:55', 103, 3, '3022.46', '888.21', '3174', '2020-08-29 15:41:34', 0, '3174.00'),
(92, '1092', '2020-08-28', '03:41:34', 104, 8, '1096.78', '287.38', '1150', '2020-08-29 15:44:30', 0, '1152.00'),
(93, '1093', '2020-08-27', '03:58:33', 105, 2, '1142.80', '382.80', '1200', '2020-08-29 15:59:04', 0, '1200.00'),
(94, '1094', '2020-08-27', '03:59:04', 106, 7, '914.24', '306.24', '914', '2020-08-29 15:59:57', 0, '960.00'),
(95, '1095', '2020-08-27', '03:59:57', 107, 9, '285.70', '95.70', '300', '2020-08-29 16:00:38', 0, '300.00'),
(96, '1096', '2020-08-27', '04:00:38', 108, 3, '628.54', '210.54', '660', '2020-08-29 16:01:22', 0, '660.00'),
(97, '1097', '2020-08-27', '04:01:22', 109, 8, '1142.80', '382.80', '1143', '2020-08-29 16:01:55', 0, '1200.00'),
(98, '1098', '2020-08-28', '04:01:55', 110, 10, '371.41', '124.41', '371.5', '2020-08-29 16:02:55', 0, '390.00'),
(99, '1099', '2020-08-28', '04:02:55', 111, 9, '857.10', '287.10', '900', '2020-08-29 16:03:33', 0, '900.00'),
(100, '1100', '2020-08-28', '04:03:33', 112, 7, '171.42', '57.42', '171', '2020-08-29 16:04:27', 0, '180.00'),
(101, '1101', '2020-08-28', '04:04:27', 113, 3, '514.26', '172.26', '540', '2020-08-29 16:05:00', 0, '540.00'),
(102, '1102', '2020-08-29', '10:50:21', 114, 10, '640.48', '161.98', '652.5', '2020-09-01 10:52:39', 0, '672.50'),
(103, '1103', '2020-08-29', '10:52:39', 115, 2, '2830.64', '977.04', '2972.5', '2020-09-01 10:55:23', 0, '2972.50'),
(104, '1104', '2020-08-29', '10:55:24', 116, 7, '714.27', '255.27', '720', '2020-09-01 10:56:59', 0, '750.00'),
(105, '1105', '2020-08-29', '10:56:59', 117, 9, '1790.40', '610.40', '1880', '2020-09-01 11:00:33', 0, '1880.00'),
(106, '1106', '2020-08-29', '11:00:33', 118, 3, '2582.09', '901.34', '2711.5', '2020-09-01 11:03:17', 0, '2711.50'),
(107, '1107', '2020-09-01', '02:55:54', 119, 2, '794.39', '229.39', '834', '2020-09-01 14:57:52', 0, '834.50'),
(108, '1108', '2020-08-29', '10:46:05', 120, 2, '3981.83', '1486.33', '4131', '2020-09-02 10:50:16', 0, '4131.50'),
(109, '1109', '2020-08-29', '10:50:28', 121, 8, '2517.95', '947.45', '2554', '2020-09-02 10:53:16', 0, '2554.00'),
(110, '1110', '2020-09-01', '10:53:16', 122, 10, '1296.73', '532.73', '1230', '2020-09-02 11:00:42', 0, '1330.50'),
(111, '1111', '2020-09-01', '11:01:11', 123, 3, '2102.31', '575.56', '2194', '2020-09-02 11:03:45', 0, '2194.00'),
(112, '1112', '2020-09-02', '10:31:11', 124, 2, '3722.16', '1446.16', '3863', '2020-09-03 10:33:19', 0, '3863.50'),
(113, '1113', '2020-09-02', '10:33:19', 125, 7, '1284.76', '447.76', '1302.5', '2020-09-03 10:35:37', 0, '1302.50'),
(114, '1114', '2020-09-02', '10:35:37', 126, 3, '2601.15', '835.15', '2692.5', '2020-09-03 10:38:00', 0, '2692.50'),
(115, '1115', '2020-09-03', '12:12:44', 127, 1, '190.50', '90.50', '200', '2020-09-03 12:13:48', 1, '200.00'),
(116, '1116', '2020-09-03', '05:36:35', 128, 1, '28.55', '7.05', '0', '2020-09-03 17:37:47', 1, '30.00'),
(117, '1117', '2020-09-03', '10:43:51', 129, 2, '3309.47', '1007.47', '3452', '2020-09-04 10:51:16', 0, '3452.50'),
(118, '1118', '2020-09-03', '10:53:20', 130, 3, '4708.26', '1422.86', '4891.5', '2020-09-04 11:04:35', 0, '4891.50'),
(119, '1119', '2020-09-02', '11:16:49', 131, 9, '76.20', '36.20', '80', '2020-09-04 11:19:11', 0, '80.00'),
(120, '1120', '2020-09-03', '11:19:11', 132, 9, '192.90', '61.40', '203', '2020-09-04 11:20:38', 0, '203.00'),
(121, '1121', '2020-09-04', '10:22:03', 133, 2, '2175.57', '699.07', '2280', '2020-09-05 10:25:55', 0, '2280.00'),
(122, '1122', '2020-09-04', '10:25:55', 134, 7, '976.30', '324.80', '1010', '2020-09-05 10:28:36', 0, '1010.50'),
(123, '1123', '2020-09-04', '12:53:01', 135, 9, '630.00', '231.00', '630', '2020-09-05 12:54:01', 0, '630.00'),
(124, '1124', '2020-09-05', '07:39:09', 136, 11, '3167.11', '894.61', '3292.5', '2020-09-05 19:42:00', 0, '3292.50'),
(125, '1125', '2020-09-05', '07:42:02', 137, 7, '1214.33', '469.33', '1275', '2020-09-05 19:43:23', 0, '1275.50'),
(126, '1126', '2020-09-05', '10:14:44', 138, 3, '1176.04', '366.04', '1235', '2020-09-07 10:16:35', 0, '1235.00'),
(127, '1127', '2020-09-04', '10:23:16', 139, 3, '1869.23', '626.73', '1963', '2020-09-07 10:25:31', 0, '1963.00'),
(128, '1128', '2020-09-03', '10:26:41', 140, 7, '1311.93', '398.93', '0', '2020-09-07 10:31:19', 0, '1377.50'),
(129, '1129', '2020-09-05', '12:17:36', 142, 9, '152.40', '0.00', '106.5', '2020-09-07 12:18:22', 0, '160.00'),
(130, '1130', '2020-09-05', '01:35:32', 143, 2, '76.19', '0.00', '80', '2020-09-07 13:36:05', 0, '80.00'),
(131, '1131', '2020-09-07', '11:05:37', 144, 3, '2973.90', '0.00', '3123', '2020-09-08 11:09:24', 0, '3123.00'),
(132, '1132', '2020-09-07', '11:09:24', 145, 11, '1241.78', '0.00', '1287.5', '2020-09-08 11:12:23', 0, '1287.50'),
(133, '1133', '2020-09-08', '05:50:56', 146, 2, '2665.21', '0.00', '2798.5', '2020-09-08 18:09:12', 0, '2798.50'),
(134, '1134', '2020-09-08', '10:50:52', 147, 9, '235.70', '0.00', '0', '2020-09-09 10:52:21', 0, '247.50'),
(135, '1135', '2020-09-08', '10:52:21', 148, 11, '608.27', '0.00', '639', '2020-09-09 10:53:42', 0, '639.00'),
(136, '1136', '2020-09-08', '10:55:01', 149, 11, '360.00', '0.00', '360', '2020-09-09 10:55:46', 0, '360.00'),
(137, '1137', '2020-09-08', '11:38:07', 150, 3, '2733.18', '0.00', '2869.5', '2020-09-09 11:40:31', 0, '2870.00'),
(138, '1138', '2020-09-09', '05:53:21', 151, 2, '1523.57', '0.00', '1600', '2020-09-09 17:55:56', 0, '1600.00'),
(139, '1139', '2020-09-09', '06:26:15', 152, 1, '176.21', '81.21', '0', '2020-09-09 18:28:04', 1, '185.00'),
(140, '1140', '2020-09-09', '06:28:04', 153, 1, '466.70', '196.70', '0', '2020-09-09 18:29:57', 1, '490.00'),
(141, '1141', '2020-09-10', '11:31:56', 154, 9, '380.95', '0.00', '0', '2020-09-10 11:35:21', 0, '400.00'),
(142, '1142', '2020-09-10', '11:35:21', 155, 3, '2070.29', '0.00', '2174', '2020-09-10 11:38:49', 0, '2174.00'),
(143, '1143', '2020-09-10', '11:38:50', 156, 11, '629.48', '0.00', '640', '2020-09-10 11:40:32', 0, '640.00'),
(144, '1144', '2020-09-10', '02:47:11', 157, 2, '2298.55', '0.00', '2414', '2020-09-11 14:48:06', 0, '2413.50'),
(145, '1145', '2020-09-10', '02:48:06', 158, 11, '741.73', '0.00', '779', '2020-09-11 14:49:28', 0, '779.00'),
(146, '1146', '2020-09-10', '02:49:28', 159, 3, '935.57', '0.00', '983', '2020-09-11 14:51:02', 0, '982.50'),
(147, '1147', '2020-09-10', '03:46:09', 160, 7, '626.15', '0.00', '0', '2020-09-11 15:49:34', 0, '657.50'),
(148, '1148', '2020-09-10', '06:26:20', 161, 2, '200.00', '0.00', '200', '2020-09-11 18:29:05', 0, '200.00'),
(149, '1149', '2020-09-11', '06:29:50', 162, 2, '2555.50', '0.00', '2653', '2020-09-11 18:48:47', 0, '2653.00'),
(150, '1150', '2020-09-11', '10:43:47', 163, 3, '1904.06', '0.00', '1995', '2020-09-12 10:46:18', 0, '1994.50'),
(151, '1151', '2020-09-11', '12:46:37', 164, 11, '241.71', '0.00', '254', '2020-09-12 12:48:08', 0, '254.00'),
(152, '1152', '2020-09-08', '01:27:26', 165, 7, '181.00', '0.00', '0', '2020-09-12 13:28:26', 0, '190.50'),
(153, '1153', '2020-09-12', '11:48:08', 166, 2, '2546.46', '0.00', '2654', '2020-09-15 11:50:53', 0, '2654.00'),
(154, '1154', '2020-09-12', '11:50:53', 167, 3, '2766.96', '0.00', '2905', '2020-09-15 11:53:15', 0, '2905.50'),
(155, '1155', '2020-09-14', '11:53:15', 168, 3, '1646.51', '0.00', '1721', '2020-09-15 11:58:47', 0, '1721.00'),
(156, '1156', '2020-09-14', '12:00:13', 169, 11, '510.55', '0.00', '536.5', '2020-09-15 12:01:58', 0, '536.50'),
(157, '1157', '2020-09-15', '12:22:32', 175, 16, '1776.50', '0.00', '1865', '2020-09-16 12:25:32', 0, '1797.50'),
(158, '1158', '2020-09-15', '12:25:32', 176, 3, '4781.10', '0.00', '5019', '2020-09-16 12:40:42', 0, '4867.50'),
(159, '1159', '2020-09-15', '05:39:50', 177, 2, '2408.23', '0.00', '2528', '2020-09-16 17:42:03', 0, '2529.00'),
(160, '1160', '2020-09-14', '05:42:03', 178, 2, '2191.62', '0.00', '2298', '2020-09-16 17:44:24', 0, '2297.50'),
(161, '1161', '2020-09-14', '06:12:42', 179, 14, '1555.37', '0.00', '1633', '2020-09-16 18:14:18', 0, '1633.50'),
(162, '1162', '2020-09-15', '06:14:18', 180, 14, '2431.98', '0.00', '2553', '2020-09-16 18:15:43', 0, '2554.00'),
(163, '1163', '2020-09-16', '10:56:08', 181, 15, '1362.91', '0.00', '1000', '2020-09-17 10:57:52', 0, '1431.50'),
(164, '1164', '2020-09-15', '10:57:52', 182, 11, '286.58', '0.00', '300.5', '2020-09-17 10:59:08', 0, '301.00'),
(165, '1165', '2020-09-16', '10:59:08', 183, 11, '1316.56', '0.00', '871', '2020-09-17 11:00:13', 0, '1382.50'),
(166, '1166', '2020-09-16', '11:01:38', 184, 14, '2326.54', '0.00', '2442', '2020-09-17 11:03:47', 0, '2443.00'),
(167, '1167', '2020-09-16', '11:03:47', 185, 3, '4796.99', '0.00', '1510', '2020-09-17 11:13:28', 0, '5032.00'),
(168, '1168', '2020-09-16', '11:13:28', 186, 16, '772.55', '0.00', '738', '2020-09-17 11:15:19', 0, '811.50'),
(169, '1169', '2020-09-17', '01:56:49', 187, 15, '332.13', '0.00', '0', '2020-09-18 13:59:54', 0, '349.00'),
(170, '1170', '2020-09-17', '02:25:39', 188, 14, '2526.80', '0.00', '1505', '2020-09-18 14:27:28', 0, '2653.50'),
(171, '1171', '2020-09-17', '02:27:28', 189, 11, '1148.48', '0.00', '0', '2020-09-18 14:34:07', 0, '1206.00'),
(172, '1172', '2020-09-17', '02:34:07', 190, 16, '555.16', '0.00', '0', '2020-09-18 14:35:28', 0, '583.00'),
(173, '1173', '2020-09-17', '03:33:09', 191, 2, '5318.65', '0.00', '5583.5', '2020-09-18 15:36:12', 0, '5585.00');

-- --------------------------------------------------------

--
-- Table structure for table `sales_articles`
--

CREATE TABLE `sales_articles` (
  `id` int(11) NOT NULL,
  `sales_id` int(11) NOT NULL,
  `article_id` int(11) NOT NULL,
  `article_qty` int(11) NOT NULL,
  `article_discount` decimal(11,2) NOT NULL
) ENGINE=InnoDB DEFAULT CHARSET=latin1;

--
-- Dumping data for table `sales_articles`
--

INSERT INTO `sales_articles` (`id`, `sales_id`, `article_id`, `article_qty`, `article_discount`) VALUES
(1, 1, 12, 100, '0.00'),
(2, 2, 2, 30, '0.00'),
(3, 3, 1, 6, '0.00'),
(4, 3, 2, 1, '0.00'),
(5, 3, 9, 60, '0.00'),
(6, 3, 12, 73, '0.00'),
(7, 4, 1, 10, '0.00'),
(8, 4, 2, 8, '0.00'),
(9, 4, 6, 37, '0.00'),
(10, 4, 9, 33, '0.00'),
(11, 4, 14, 10, '0.00'),
(12, 4, 12, 78, '0.00'),
(13, 4, 13, 41, '0.00'),
(14, 5, 2, 6, '0.00'),
(15, 5, 9, 13, '0.00'),
(16, 5, 14, 20, '0.00'),
(17, 5, 12, 74, '0.00'),
(18, 5, 13, 24, '0.00'),
(19, 6, 2, 4, '0.00'),
(20, 6, 14, 50, '0.00'),
(21, 6, 12, 10, '0.00'),
(22, 6, 13, 58, '0.00'),
(23, 7, 6, 40, '0.00'),
(24, 7, 9, 26, '0.00'),
(25, 7, 14, 35, '0.00'),
(26, 7, 12, 25, '0.00'),
(27, 8, 1, 15, '0.00'),
(28, 8, 2, 2, '0.00'),
(29, 8, 3, 5, '0.00'),
(30, 8, 6, 5, '0.00'),
(31, 8, 9, 17, '0.00'),
(32, 8, 14, 40, '0.00'),
(33, 8, 13, 40, '0.00'),
(34, 9, 2, 7, '0.00'),
(35, 9, 9, 40, '0.00'),
(36, 9, 12, 41, '0.00'),
(37, 9, 13, 46, '0.00'),
(38, 10, 1, 2, '0.00'),
(39, 10, 2, 3, '0.00'),
(40, 10, 6, 15, '0.00'),
(41, 10, 9, 47, '0.00'),
(42, 10, 14, 10, '0.00'),
(43, 10, 12, 47, '0.00'),
(44, 10, 13, 10, '0.00'),
(45, 11, 1, 8, '0.00'),
(46, 11, 2, 9, '0.00'),
(47, 11, 6, 60, '0.00'),
(48, 11, 9, 38, '0.00'),
(49, 11, 14, 30, '0.00'),
(50, 11, 12, 46, '0.00'),
(51, 12, 9, 15, '0.00'),
(52, 12, 14, 40, '0.00'),
(53, 12, 13, 72, '0.00'),
(54, 13, 2, 7, '0.00'),
(55, 13, 9, 20, '0.00'),
(56, 13, 14, 40, '0.00'),
(57, 13, 12, 25, '0.00'),
(58, 13, 13, 55, '0.00'),
(59, 14, 1, 6, '0.00'),
(60, 14, 2, 8, '0.00'),
(61, 14, 9, 30, '0.00'),
(62, 14, 14, 80, '0.00'),
(63, 14, 12, 70, '0.00'),
(64, 15, 2, 1, '0.00'),
(65, 15, 9, 22, '0.00'),
(66, 15, 14, 10, '0.00'),
(67, 15, 12, 51, '0.00'),
(68, 15, 13, 12, '0.00'),
(69, 16, 2, 2, '0.00'),
(70, 16, 9, 30, '0.00'),
(71, 16, 14, 15, '0.00'),
(72, 16, 12, 36, '0.00'),
(73, 16, 13, 15, '0.00'),
(74, 17, 1, 1, '0.00'),
(75, 17, 2, 9, '0.00'),
(76, 17, 9, 50, '0.00'),
(77, 17, 14, 75, '0.00'),
(78, 17, 12, 65, '0.00'),
(79, 18, 1, 3, '0.00'),
(80, 18, 2, 3, '0.00'),
(81, 18, 14, 50, '0.00'),
(82, 19, 2, 4, '0.00'),
(83, 19, 9, 28, '0.00'),
(84, 19, 14, 65, '0.00'),
(85, 19, 12, 39, '0.00'),
(86, 19, 13, 19, '0.00'),
(87, 20, 2, 8, '0.00'),
(88, 20, 9, 47, '0.00'),
(89, 20, 14, 35, '0.00'),
(90, 20, 12, 10, '0.00'),
(91, 20, 13, 72, '0.00'),
(92, 21, 2, 12, '0.00'),
(93, 21, 9, 12, '0.00'),
(94, 21, 14, 50, '0.00'),
(95, 21, 13, 100, '0.00'),
(96, 22, 1, 7, '0.00'),
(97, 22, 2, 2, '0.00'),
(98, 22, 9, 10, '0.00'),
(99, 22, 14, 20, '0.00'),
(100, 22, 12, 32, '0.00'),
(101, 22, 13, 51, '0.00'),
(102, 23, 1, 3, '0.00'),
(103, 23, 2, 2, '0.00'),
(104, 23, 9, 33, '0.00'),
(105, 23, 14, 55, '0.00'),
(106, 23, 12, 17, '0.00'),
(107, 23, 13, 28, '0.00'),
(108, 24, 1, 5, '0.00'),
(109, 24, 2, 4, '0.00'),
(110, 24, 9, 13, '0.00'),
(111, 25, 2, 16, '0.00'),
(112, 25, 14, 110, '0.00'),
(113, 25, 13, 72, '0.00'),
(114, 26, 2, 3, '0.00'),
(115, 26, 3, 10, '0.00'),
(116, 26, 14, 60, '0.00'),
(117, 26, 12, 13, '0.00'),
(118, 27, 2, 1, '0.00'),
(119, 27, 14, 80, '0.00'),
(120, 27, 12, 10, '0.00'),
(121, 28, 1, 11, '0.00'),
(122, 28, 2, 5, '0.00'),
(123, 28, 9, 10, '0.00'),
(124, 28, 14, 25, '0.00'),
(125, 28, 12, 21, '0.00'),
(126, 29, 2, 2, '0.00'),
(127, 29, 4, 100, '0.00'),
(128, 29, 9, 2, '0.00'),
(129, 29, 14, 65, '0.00'),
(130, 29, 12, 20, '0.00'),
(131, 30, 1, 11, '0.00'),
(132, 30, 2, 20, '0.00'),
(133, 30, 9, 35, '0.00'),
(134, 30, 14, 46, '0.00'),
(135, 30, 12, 61, '0.00'),
(136, 30, 15, 38, '0.00'),
(137, 31, 1, 4, '0.00'),
(138, 31, 2, 12, '0.00'),
(139, 31, 9, 65, '0.00'),
(140, 31, 14, 165, '0.00'),
(141, 31, 12, 20, '0.00'),
(142, 31, 13, 1, '0.00'),
(143, 31, 15, 19, '0.00'),
(144, 32, 1, 2, '0.00'),
(145, 32, 2, 1, '0.00'),
(146, 32, 9, 22, '0.00'),
(147, 32, 14, 74, '0.00'),
(148, 32, 12, 16, '0.00'),
(149, 32, 15, 40, '0.00'),
(150, 33, 1, 1, '0.00'),
(151, 33, 2, 3, '0.00'),
(152, 33, 9, 27, '0.00'),
(153, 33, 14, 150, '0.00'),
(154, 33, 12, 28, '0.00'),
(155, 33, 15, 78, '0.00'),
(156, 34, 2, 8, '0.00'),
(157, 34, 7, 7, '0.00'),
(158, 34, 14, 101, '0.00'),
(159, 34, 15, 48, '0.00'),
(160, 35, 1, 8, '0.00'),
(161, 35, 2, 5, '0.00'),
(162, 35, 9, 13, '0.00'),
(163, 35, 14, 128, '0.00'),
(164, 35, 13, 20, '0.00'),
(165, 35, 15, 50, '0.00'),
(166, 36, 1, 2, '0.00'),
(167, 36, 9, 41, '0.00'),
(168, 36, 14, 56, '0.00'),
(169, 37, 6, 50, '0.00'),
(170, 37, 14, 55, '0.00'),
(171, 37, 15, 30, '0.00'),
(172, 38, 6, 239, '0.00'),
(173, 38, 9, 26, '0.00'),
(174, 38, 14, 30, '0.00'),
(175, 38, 15, 52, '0.00'),
(176, 39, 6, 105, '0.00'),
(177, 39, 14, 65, '0.00'),
(178, 39, 15, 55, '0.00'),
(179, 40, 1, 3, '0.00'),
(180, 40, 2, 2, '0.00'),
(181, 40, 6, 167, '0.00'),
(182, 40, 9, 1, '0.00'),
(183, 40, 14, 51, '0.00'),
(184, 40, 15, 20, '0.00'),
(185, 41, 6, 150, '0.00'),
(186, 41, 14, 30, '0.00'),
(187, 41, 12, 4, '0.00'),
(188, 41, 13, 4, '0.00'),
(189, 41, 15, 30, '0.00'),
(190, 42, 2, 6, '0.00'),
(191, 42, 6, 137, '0.00'),
(192, 42, 14, 70, '0.00'),
(193, 42, 15, 67, '0.00'),
(194, 43, 6, 48, '0.00'),
(195, 43, 14, 41, '0.00'),
(196, 43, 15, 26, '0.00'),
(197, 44, 12, 10, '0.00'),
(198, 45, 2, 3, '0.00'),
(199, 45, 3, 15, '0.00'),
(200, 46, 6, 15, '0.00'),
(201, 47, 2, 6, '0.00'),
(202, 47, 6, 100, '0.00'),
(203, 47, 14, 10, '0.00'),
(204, 47, 15, 23, '0.00'),
(205, 48, 1, 2, '0.00'),
(206, 48, 2, 2, '0.00'),
(207, 48, 6, 73, '0.00'),
(208, 48, 14, 47, '0.00'),
(209, 48, 15, 61, '0.00'),
(210, 49, 1, 2, '0.00'),
(211, 49, 15, 5, '0.00'),
(212, 50, 6, 28, '0.00'),
(213, 50, 14, 130, '0.00'),
(214, 50, 15, 28, '0.00'),
(215, 51, 6, 60, '0.00'),
(216, 51, 14, 84, '0.00'),
(217, 51, 15, 28, '0.00'),
(218, 52, 6, 91, '0.00'),
(219, 52, 15, 29, '0.00'),
(220, 53, 16, 15, '0.00'),
(221, 54, 16, 45, '0.00'),
(222, 55, 16, 61, '0.00'),
(223, 56, 16, 30, '0.00'),
(224, 57, 16, 95, '0.00'),
(225, 58, 16, 14, '0.00'),
(226, 59, 16, 30, '0.00'),
(227, 60, 16, 22, '0.00'),
(228, 61, 16, 34, '0.00'),
(229, 62, 16, 30, '0.00'),
(230, 63, 16, 21, '0.00'),
(231, 64, 16, 10, '0.00'),
(232, 65, 16, 20, '0.00'),
(233, 66, 16, 20, '0.00'),
(234, 67, 12, 26, '0.00'),
(235, 68, 2, 8, '0.00'),
(236, 69, 9, 50, '0.00'),
(237, 70, 2, 3, '0.00'),
(238, 71, 14, 52, '0.00'),
(239, 72, 2, 2, '0.00'),
(240, 72, 6, 20, '0.00'),
(241, 72, 14, 73, '0.00'),
(242, 72, 12, 10, '0.00'),
(243, 72, 15, 8, '0.00'),
(244, 73, 6, 50, '0.00'),
(245, 73, 14, 20, '0.00'),
(246, 74, 1, 2, '0.00'),
(247, 74, 2, 2, '0.00'),
(248, 74, 16, 54, '0.00'),
(249, 74, 6, 31, '0.00'),
(250, 74, 14, 70, '0.00'),
(251, 74, 15, 25, '0.00'),
(252, 75, 2, 1, '0.00'),
(253, 75, 16, 61, '0.00'),
(254, 75, 6, 79, '0.00'),
(255, 75, 14, 40, '0.00'),
(256, 75, 15, 60, '0.00'),
(257, 76, 15, 51, '0.00'),
(258, 77, 16, 37, '0.00'),
(259, 77, 6, 32, '0.00'),
(260, 77, 14, 40, '0.00'),
(261, 77, 15, 28, '0.00'),
(262, 78, 2, 2, '0.00'),
(263, 79, 16, 49, '0.00'),
(264, 79, 6, 43, '0.00'),
(265, 79, 14, 69, '0.00'),
(266, 79, 15, 31, '0.00'),
(267, 80, 16, 6, '0.00'),
(268, 80, 6, 8, '0.00'),
(269, 80, 14, 56, '0.00'),
(270, 80, 15, 1, '0.00'),
(271, 81, 16, 10, '0.00'),
(272, 81, 14, 10, '0.00'),
(273, 81, 15, 16, '0.00'),
(274, 82, 17, 24, '0.00'),
(275, 83, 17, 24, '0.00'),
(276, 84, 17, 1, '0.00'),
(277, 85, 17, 5, '0.00'),
(278, 86, 1, 1, '0.00'),
(279, 86, 6, 15, '0.00'),
(280, 87, 6, 10, '0.00'),
(281, 88, 1, 1, '0.00'),
(282, 88, 16, 10, '0.00'),
(283, 89, 6, 20, '0.00'),
(284, 90, 16, 10, '0.00'),
(285, 90, 6, 35, '0.00'),
(286, 91, 1, 3, '0.00'),
(287, 91, 16, 48, '0.00'),
(288, 91, 14, 107, '0.00'),
(289, 91, 15, 77, '0.00'),
(290, 92, 16, 20, '0.00'),
(291, 92, 6, 23, '0.00'),
(292, 92, 14, 52, '0.00'),
(293, 92, 15, 12, '0.00'),
(294, 92, 17, 2, '0.00'),
(295, 93, 18, 40, '0.00'),
(296, 94, 18, 32, '0.00'),
(297, 95, 18, 10, '0.00'),
(298, 96, 18, 22, '0.00'),
(299, 97, 18, 40, '0.00'),
(300, 98, 18, 13, '0.00'),
(301, 99, 18, 30, '0.00'),
(302, 100, 18, 6, '0.00'),
(303, 101, 18, 18, '0.00'),
(304, 102, 16, 10, '0.00'),
(305, 102, 14, 30, '0.00'),
(306, 102, 18, 14, '0.00'),
(307, 103, 1, 5, '0.00'),
(308, 103, 16, 20, '0.00'),
(309, 103, 6, 72, '0.00'),
(310, 103, 15, 57, '0.00'),
(311, 104, 17, 3, '0.00'),
(312, 104, 18, 21, '0.00'),
(313, 105, 17, 2, '0.00'),
(314, 105, 18, 60, '0.00'),
(315, 106, 2, 2, '0.00'),
(316, 106, 16, 45, '0.00'),
(317, 106, 14, 5, '0.00'),
(318, 106, 15, 40, '0.00'),
(319, 106, 17, 18, '0.00'),
(320, 106, 18, 14, '0.00'),
(321, 107, 14, 48, '0.00'),
(322, 107, 15, 16, '0.00'),
(323, 107, 17, 2, '0.00'),
(324, 107, 18, 3, '0.00'),
(325, 108, 16, 43, '0.00'),
(326, 108, 14, 50, '0.00'),
(327, 108, 15, 34, '0.00'),
(328, 108, 17, 41, '0.00'),
(329, 108, 18, 33, '0.00'),
(330, 109, 16, 5, '0.00'),
(331, 109, 6, 10, '0.00'),
(332, 109, 14, 10, '0.00'),
(333, 109, 17, 13, '0.00'),
(334, 109, 18, 60, '0.00'),
(335, 110, 1, 1, '0.00'),
(336, 110, 15, 4, '0.00'),
(337, 110, 17, 13, '0.00'),
(338, 110, 18, 21, '0.00'),
(339, 111, 1, 1, '0.00'),
(340, 111, 14, 177, '0.00'),
(341, 111, 15, 14, '0.00'),
(342, 111, 17, 13, '0.00'),
(343, 111, 18, 9, '0.00'),
(344, 112, 1, 11, '0.00'),
(345, 112, 14, 56, '0.00'),
(346, 112, 15, 23, '0.00'),
(347, 112, 17, 30, '0.00'),
(348, 112, 18, 30, '0.00'),
(349, 113, 16, 10, '0.00'),
(350, 113, 6, 10, '0.00'),
(351, 113, 15, 6, '0.00'),
(352, 113, 18, 31, '0.00'),
(353, 114, 1, 5, '0.00'),
(354, 114, 16, 55, '0.00'),
(355, 114, 14, 52, '0.00'),
(356, 114, 15, 17, '0.00'),
(357, 114, 17, 8, '0.00'),
(358, 114, 18, 26, '0.00'),
(359, 115, 17, 5, '0.00'),
(360, 116, 3, 5, '0.00'),
(361, 117, 1, 1, '0.00'),
(362, 117, 16, 86, '0.00'),
(363, 117, 14, 80, '0.00'),
(364, 117, 15, 50, '0.00'),
(365, 117, 17, 12, '0.00'),
(366, 117, 18, 15, '0.00'),
(367, 118, 2, 4, '0.00'),
(368, 118, 16, 99, '0.00'),
(369, 118, 7, 8, '0.00'),
(370, 118, 14, 80, '0.00'),
(371, 118, 15, 75, '0.00'),
(372, 118, 17, 6, '0.00'),
(373, 118, 18, 35, '0.00'),
(374, 119, 17, 2, '0.00'),
(375, 120, 6, 5, '0.00'),
(376, 120, 14, 10, '0.00'),
(377, 120, 17, 2, '0.00'),
(378, 121, 16, 25, '0.00'),
(379, 121, 14, 62, '0.00'),
(380, 121, 15, 54, '0.00'),
(381, 121, 17, 7, '0.00'),
(382, 121, 18, 3, '0.00'),
(383, 122, 6, 30, '0.00'),
(384, 122, 14, 10, '0.00'),
(385, 122, 15, 10, '0.00'),
(386, 122, 18, 10, '0.00'),
(387, 123, 18, 21, '0.00'),
(388, 124, 16, 55, '0.00'),
(389, 124, 14, 162, '0.00'),
(390, 124, 15, 28, '0.00'),
(391, 124, 17, 14, '0.00'),
(392, 124, 18, 22, '0.00'),
(393, 125, 15, 43, '0.00'),
(394, 125, 17, 5, '0.00'),
(395, 126, 16, 60, '0.00'),
(396, 126, 15, 14, '0.00'),
(397, 126, 17, 9, '0.00'),
(398, 127, 1, 3, '0.00'),
(399, 127, 16, 41, '0.00'),
(400, 127, 14, 18, '0.00'),
(401, 127, 15, 41, '0.00'),
(402, 127, 17, 6, '0.00'),
(403, 128, 2, 3, '0.00'),
(404, 128, 16, 20, '0.00'),
(405, 128, 6, 5, '0.00'),
(406, 128, 14, 20, '0.00'),
(407, 128, 15, 24, '0.00'),
(408, 128, 17, 5, '0.00'),
(409, 129, 17, 4, '0.00'),
(410, 130, 1, 1, '0.00'),
(411, 131, 1, 11, '0.00'),
(412, 131, 16, 10, '0.00'),
(413, 131, 15, 51, '0.00'),
(414, 131, 17, 22, '0.00'),
(415, 132, 16, 50, '0.00'),
(416, 132, 15, 8, '0.00'),
(417, 132, 17, 8, '0.00'),
(418, 132, 18, 11, '0.00'),
(419, 133, 16, 115, '0.00'),
(420, 133, 14, 15, '0.00'),
(421, 133, 15, 46, '0.00'),
(422, 133, 17, 14, '0.00'),
(423, 134, 16, 10, '0.00'),
(424, 134, 17, 4, '0.00'),
(425, 135, 16, 25, '0.00'),
(426, 135, 15, 12, '0.00'),
(427, 135, 17, 3, '0.00'),
(428, 136, 18, 12, '0.00'),
(429, 137, 15, 56, '0.00'),
(430, 137, 2, 3, '0.00'),
(431, 137, 14, 10, '0.00'),
(432, 137, 16, 72, '0.00'),
(433, 137, 17, 8, '0.00'),
(434, 137, 1, 3, '0.00'),
(435, 138, 1, 2, '0.00'),
(436, 138, 2, 1, '0.00'),
(437, 138, 16, 92, '0.00'),
(438, 138, 17, 14, '0.00'),
(439, 139, 17, 4, '0.00'),
(440, 139, 15, 1, '0.00'),
(441, 140, 15, 10, '0.00'),
(442, 140, 17, 6, '0.00'),
(443, 141, 1, 5, '0.00'),
(444, 142, 1, 1, '0.00'),
(445, 142, 2, 1, '0.00'),
(446, 142, 16, 17, '0.00'),
(447, 142, 15, 46, '0.00'),
(448, 142, 17, 18, '0.00'),
(449, 143, 16, 16, '0.00'),
(450, 143, 17, 2, '0.00'),
(451, 143, 18, 14, '0.00'),
(452, 144, 16, 125, '0.00'),
(453, 144, 17, 33, '0.00'),
(454, 145, 16, 21, '0.00'),
(455, 145, 14, 50, '0.00'),
(456, 145, 17, 8, '0.00'),
(457, 146, 1, 3, '0.00'),
(458, 146, 16, 50, '0.00'),
(459, 146, 14, 10, '0.00'),
(460, 146, 15, 10, '0.00'),
(461, 147, 9, 25, '0.00'),
(462, 147, 13, 10, '0.00'),
(463, 148, 20, 1, '0.00'),
(464, 149, 1, 10, '0.00'),
(465, 149, 16, 60, '0.00'),
(466, 149, 17, 18, '0.00'),
(467, 149, 21, 38, '0.00'),
(468, 150, 16, 101, '0.00'),
(469, 150, 15, 23, '0.00'),
(470, 150, 17, 11, '0.00'),
(471, 150, 21, 6, '0.00'),
(472, 151, 16, 7, '0.00'),
(473, 151, 14, 35, '0.00'),
(474, 152, 14, 20, '0.00'),
(475, 152, 17, 2, '0.00'),
(476, 153, 1, 3, '0.00'),
(477, 153, 16, 55, '0.00'),
(478, 153, 14, 75, '0.00'),
(479, 153, 15, 24, '0.00'),
(480, 153, 17, 13, '0.00'),
(481, 153, 21, 25, '0.00'),
(482, 154, 16, 44, '0.00'),
(483, 154, 6, 130, '0.00'),
(484, 154, 14, 30, '0.00'),
(485, 154, 15, 24, '0.00'),
(486, 155, 16, 127, '0.00'),
(487, 155, 15, 10, '0.00'),
(488, 155, 17, 5, '0.00'),
(489, 155, 21, 10, '0.00'),
(490, 156, 16, 55, '0.00'),
(491, 156, 14, 10, '0.00'),
(492, 157, 16, 50, '0.00'),
(493, 157, 22, 80, '0.00'),
(494, 158, 1, 5, '0.00'),
(495, 158, 16, 110, '0.00'),
(496, 158, 15, 5, '0.00'),
(497, 158, 17, 8, '0.00'),
(498, 158, 22, 180, '0.00'),
(499, 159, 2, 11, '0.00'),
(500, 159, 16, 25, '0.00'),
(501, 159, 15, 5, '0.00'),
(502, 159, 22, 80, '0.00'),
(503, 160, 16, 90, '0.00'),
(504, 160, 15, 42, '0.00'),
(505, 160, 17, 1, '0.00'),
(506, 160, 21, 5, '0.00'),
(507, 160, 22, 20, '0.00'),
(508, 161, 2, 10, '0.00'),
(509, 161, 16, 31, '0.00'),
(510, 161, 22, 36, '0.00'),
(511, 162, 1, 3, '0.00'),
(512, 162, 2, 5, '0.00'),
(513, 162, 16, 37, '0.00'),
(514, 162, 22, 95, '0.00'),
(515, 163, 16, 47, '0.00'),
(516, 163, 22, 60, '0.00'),
(517, 164, 16, 30, '0.00'),
(518, 164, 14, 7, '0.00'),
(519, 165, 16, 22, '0.00'),
(520, 165, 22, 70, '0.00'),
(521, 166, 2, 1, '0.00'),
(522, 166, 16, 20, '0.00'),
(523, 166, 22, 129, '0.00'),
(524, 167, 1, 1, '0.00'),
(525, 167, 16, 47, '0.00'),
(526, 167, 15, 9, '0.00'),
(527, 167, 17, 12, '0.00'),
(528, 167, 21, 6, '0.00'),
(529, 167, 22, 220, '0.00'),
(530, 168, 16, 15, '0.00'),
(531, 168, 22, 40, '0.00'),
(532, 169, 16, 1, '0.00'),
(533, 169, 22, 20, '0.00'),
(534, 170, 1, 1, '0.00'),
(535, 170, 2, 4, '0.00'),
(536, 170, 16, 15, '0.00'),
(537, 170, 22, 126, '0.00'),
(538, 171, 16, 20, '0.00'),
(539, 171, 14, 2, '0.00'),
(540, 171, 22, 60, '0.00'),
(541, 172, 16, 20, '0.00'),
(542, 172, 22, 24, '0.00'),
(543, 173, 1, 4, '0.00'),
(544, 173, 2, 7, '0.00'),
(545, 173, 16, 96, '0.00'),
(546, 173, 15, 20, '0.00'),
(547, 173, 22, 200, '0.00');

-- --------------------------------------------------------

--
-- Table structure for table `staffs`
--

CREATE TABLE `staffs` (
  `staff_id` int(11) NOT NULL,
  `staff_name` varchar(250) NOT NULL,
  `branch_id` int(11) NOT NULL,
  `salary` varchar(250) NOT NULL,
  `amount_limit` decimal(11,2) NOT NULL,
  `credit_amount` varchar(250) NOT NULL,
  `staff_ta` decimal(11,2) NOT NULL,
  `staff_allowance` decimal(11,2) NOT NULL,
  `staff_incentive` decimal(11,2) NOT NULL,
  `advance_limit` decimal(11,2) NOT NULL,
  `area` varchar(250) NOT NULL,
  `category` int(11) NOT NULL,
  `first_name` varchar(250) NOT NULL
) ENGINE=InnoDB DEFAULT CHARSET=latin1;

--
-- Dumping data for table `staffs`
--

INSERT INTO `staffs` (`staff_id`, `staff_name`, `branch_id`, `salary`, `amount_limit`, `credit_amount`, `staff_ta`, `staff_allowance`, `staff_incentive`, `advance_limit`, `area`, `category`, `first_name`) VALUES
(1, 'VOGEL', 1, '0', '99999.00', '99999', '0.00', '0.00', '0.00', '0.00', '', 0, 'VOGEL'),
(2, 'ANTONY N B', 1, '12500', '10000.00', '500', '0.00', '0.00', '0.00', '0.00', '', 0, 'ANTONY N B'),
(3, 'SHAFEER K U', 3, '10000', '10000.00', '500', '0.00', '0.00', '0.00', '0.00', '', 0, 'SHAFEER K U'),
(4, 'SHIJIL', 3, '10000', '10000.00', '500', '0.00', '0.00', '0.00', '0.00', '', 0, 'SHIJIL'),
(5, 'RAJISH V R', 2, '10000', '10000.00', '200', '0.00', '0.00', '0.00', '0.00', '', 0, 'RAJISH V R'),
(6, 'RANJITH', 1, '10000', '10000.00', '200', '0.00', '0.00', '0.00', '0.00', '', 0, 'RANJITH'),
(7, 'AMAL KUMAR K', 4, '10000', '8000.00', '200', '0.00', '0.00', '0.00', '0.00', '', 0, 'AMAL KUMAR K'),
(8, 'NILSHAD KASIM', 1, '', '10000.00', '200', '0.00', '0.00', '0.00', '0.00', '', 0, 'NILSHAD KASIM'),
(9, 'VISHNU SHANKAR', 4, '', '10000.00', '200', '0.00', '0.00', '0.00', '0.00', '', 0, 'VISHNU SHANKAR'),
(10, 'NIZAMUDHEEN', 4, '', '10000.00', '300', '0.00', '0.00', '0.00', '0.00', '', 0, 'NIZAMUDHEEN'),
(11, 'ABHILASH RAMADEVAN', 3, '', '0.00', '', '0.00', '0.00', '0.00', '0.00', '', 0, 'ABHILASH RAMADEVAN'),
(12, 'MOHAMMED FAYAS', 3, '', '0.00', '', '0.00', '0.00', '0.00', '0.00', '', 0, 'MOHAMMED FAYAS'),
(13, 'SHABEER', 2, '', '0.00', '', '0.00', '0.00', '0.00', '0.00', '', 0, 'SHABEER'),
(14, 'ANEESH ', 1, '18200', '0.00', '0', '0.00', '0.00', '0.00', '0.00', '', 0, 'ANEESH '),
(15, 'TINS THOMAS', 4, '18200', '10000.00', '0', '0.00', '0.00', '0.00', '0.00', '', 0, 'TINS THOMAS'),
(16, 'NABEEL', 2, '18200', '0.00', '', '0.00', '0.00', '0.00', '0.00', '', 0, 'NABEEL'),
(17, 'HARSHAD', 2, '18200', '0.00', '', '0.00', '0.00', '0.00', '0.00', '', 0, 'HARSHAD'),
(18, 'PRAVEEN', 1, '18200', '0.00', '', '0.00', '0.00', '0.00', '0.00', '', 0, 'PRAVEEN');

-- --------------------------------------------------------

--
-- Table structure for table `staff_articles`
--

CREATE TABLE `staff_articles` (
  `id` int(11) NOT NULL,
  `staff_id` int(11) NOT NULL,
  `article_id` int(11) NOT NULL,
  `article_limit` int(11) NOT NULL,
  `staff_stock` int(11) NOT NULL
) ENGINE=InnoDB DEFAULT CHARSET=utf8mb4;

--
-- Dumping data for table `staff_articles`
--

INSERT INTO `staff_articles` (`id`, `staff_id`, `article_id`, `article_limit`, `staff_stock`) VALUES
(1, 1, 1, 0, 0),
(2, 1, 1, 0, 0),
(3, 2, 1, 0, 27),
(4, 1, 2, 0, 0),
(5, 2, 2, 0, 35),
(6, 1, 3, 0, 0),
(7, 2, 3, 0, 6),
(8, 1, 4, 0, 0),
(9, 2, 4, 0, 0),
(10, 1, 5, 0, 0),
(11, 2, 5, 0, 0),
(12, 1, 6, 0, 0),
(13, 2, 6, 0, 49),
(14, 1, 7, 0, 0),
(15, 2, 7, 0, 0),
(16, 1, 8, 0, 0),
(17, 2, 8, 0, 0),
(18, 1, 9, 0, 0),
(19, 2, 9, 0, 2),
(20, 1, 10, 0, 0),
(21, 2, 10, 0, 10),
(22, 1, 11, 0, 0),
(23, 2, 11, 0, 0),
(24, 1, 12, 0, 0),
(25, 2, 12, 0, 15),
(26, 1, 13, 0, 0),
(27, 2, 13, 0, 0),
(28, 1, 14, 0, 0),
(29, 2, 14, 0, 49),
(30, 1, 15, 0, 0),
(31, 2, 15, 0, 34),
(32, 1, 16, 0, 0),
(33, 2, 16, 0, 217),
(34, 3, 1, 0, 71),
(35, 3, 2, 0, 29),
(36, 3, 3, 0, 154),
(37, 3, 4, 0, 0),
(38, 3, 5, 0, 0),
(39, 3, 6, 0, 19),
(40, 3, 7, 0, 1),
(41, 3, 8, 0, 0),
(42, 3, 9, 0, 17),
(43, 3, 10, 0, 0),
(44, 3, 11, 0, 0),
(45, 3, 12, 0, 6),
(46, 3, 13, 0, 44),
(47, 3, 14, 0, 40),
(48, 3, 15, 0, 124),
(49, 3, 16, 0, 227),
(50, 4, 1, 0, -1),
(51, 4, 2, 0, 15),
(52, 4, 3, 0, 0),
(53, 4, 4, 0, 0),
(54, 4, 5, 0, 0),
(55, 4, 6, 0, 5),
(56, 4, 7, 0, 0),
(57, 4, 8, 0, 0),
(58, 4, 9, 0, 7),
(59, 4, 10, 0, 5),
(60, 4, 11, 0, 0),
(61, 4, 12, 0, 62),
(62, 4, 13, 0, 15),
(63, 4, 14, 0, 117),
(64, 4, 15, 0, 9),
(65, 4, 16, 0, 0),
(66, 5, 1, 0, 0),
(67, 5, 2, 0, 3),
(68, 5, 3, 0, 0),
(69, 5, 4, 0, 1),
(70, 5, 5, 0, 0),
(71, 5, 6, 0, 4),
(72, 5, 7, 0, 0),
(73, 5, 8, 0, 0),
(74, 5, 9, 0, 87),
(75, 5, 10, 0, 0),
(76, 5, 11, 0, 1),
(77, 5, 12, 0, 66),
(78, 5, 13, 0, 78),
(79, 5, 14, 0, 10),
(80, 5, 15, 0, 0),
(81, 5, 16, 0, 0),
(82, 6, 1, 0, 6),
(83, 6, 2, 0, 1),
(84, 6, 3, 0, 0),
(85, 6, 4, 0, 0),
(86, 6, 5, 0, 0),
(87, 6, 6, 0, 0),
(88, 6, 7, 0, 0),
(89, 6, 8, 0, 0),
(90, 6, 9, 0, -76),
(91, 6, 10, 0, 0),
(92, 6, 11, 0, 0),
(93, 6, 12, 0, 94),
(94, 6, 13, 0, 0),
(95, 6, 14, 0, 2),
(96, 6, 15, 0, 0),
(97, 6, 16, 0, 0),
(98, 7, 1, 0, 65),
(99, 7, 2, 0, 3),
(100, 7, 3, 0, 25),
(101, 7, 4, 0, 0),
(102, 7, 5, 0, 0),
(103, 7, 6, 0, 0),
(104, 7, 7, 0, 0),
(105, 7, 8, 0, 0),
(106, 7, 9, 0, 1),
(107, 7, 10, 0, 0),
(108, 7, 11, 0, 0),
(109, 7, 12, 0, 1),
(110, 7, 13, 0, 22),
(111, 7, 14, 0, 92),
(112, 7, 15, 0, 0),
(113, 7, 16, 0, 0),
(114, 8, 1, 0, 0),
(115, 8, 2, 0, 0),
(116, 8, 3, 0, 0),
(117, 8, 4, 0, 0),
(118, 8, 5, 0, 0),
(119, 8, 6, 0, -2),
(120, 8, 7, 0, 0),
(121, 8, 8, 0, 0),
(122, 8, 9, 0, 0),
(123, 8, 10, 0, 0),
(124, 8, 11, 0, 0),
(125, 8, 12, 0, 0),
(126, 8, 13, 0, 0),
(127, 8, 14, 0, -8),
(128, 8, 15, 0, 1),
(129, 8, 16, 0, -1),
(130, 9, 1, 0, 0),
(131, 9, 2, 0, 0),
(132, 9, 3, 0, 0),
(133, 9, 4, 0, 0),
(134, 9, 5, 0, 0),
(135, 9, 6, 0, 0),
(136, 9, 7, 0, 0),
(137, 9, 8, 0, 0),
(138, 9, 9, 0, 0),
(139, 9, 10, 0, 0),
(140, 9, 11, 0, 0),
(141, 9, 12, 0, 0),
(142, 9, 13, 0, 0),
(143, 9, 14, 0, 4),
(144, 9, 15, 0, 0),
(145, 9, 16, 0, 0),
(146, 10, 1, 0, 0),
(147, 10, 2, 0, 0),
(148, 10, 3, 0, 0),
(149, 10, 4, 0, 0),
(150, 10, 5, 0, 0),
(151, 10, 6, 0, 0),
(152, 10, 7, 0, 0),
(153, 10, 8, 0, 0),
(154, 10, 9, 0, 0),
(155, 10, 10, 0, 0),
(156, 10, 11, 0, 0),
(157, 10, 12, 0, 0),
(158, 10, 13, 0, 0),
(159, 10, 14, 0, 5),
(160, 10, 15, 0, 4),
(161, 10, 16, 0, 0),
(162, 1, 17, 0, 0),
(163, 2, 17, 0, 40),
(164, 3, 17, 0, 28),
(165, 4, 17, 0, 0),
(166, 5, 17, 0, 0),
(167, 6, 17, 0, 0),
(168, 7, 17, 0, 57),
(169, 8, 17, 0, -3),
(170, 9, 17, 0, 0),
(171, 10, 17, 0, 2),
(172, 1, 18, 0, 0),
(173, 2, 18, 0, 1),
(174, 3, 18, 0, 0),
(175, 4, 18, 0, 0),
(176, 5, 18, 0, 0),
(177, 6, 18, 0, 0),
(178, 7, 18, 0, 0),
(179, 8, 18, 0, 0),
(180, 9, 18, 0, 1),
(181, 10, 18, 0, 0),
(182, 11, 1, 0, 24),
(183, 11, 2, 0, 0),
(184, 11, 3, 0, 0),
(185, 11, 4, 0, 0),
(186, 11, 5, 0, 0),
(187, 11, 6, 0, 0),
(188, 11, 7, 0, 0),
(189, 11, 8, 0, 0),
(190, 11, 9, 0, 0),
(191, 11, 10, 0, 0),
(192, 11, 11, 0, 0),
(193, 11, 12, 0, 0),
(194, 11, 13, 0, 0),
(195, 11, 14, 0, 11),
(196, 11, 15, 0, 0),
(197, 11, 16, 0, 149),
(198, 11, 17, 0, 13),
(199, 11, 18, 0, 1),
(200, 12, 1, 0, 0),
(201, 12, 2, 0, 0),
(202, 12, 3, 0, 0),
(203, 12, 4, 0, 0),
(204, 12, 5, 0, 0),
(205, 12, 6, 0, 0),
(206, 12, 7, 0, 0),
(207, 12, 8, 0, 0),
(208, 12, 9, 0, 0),
(209, 12, 10, 0, 0),
(210, 12, 11, 0, 0),
(211, 12, 12, 0, 0),
(212, 12, 13, 0, 0),
(213, 12, 14, 0, 0),
(214, 12, 15, 0, 0),
(215, 12, 16, 0, 0),
(216, 12, 17, 0, 0),
(217, 12, 18, 0, 0),
(218, 13, 1, 0, 0),
(219, 13, 2, 0, 0),
(220, 13, 3, 0, 0),
(221, 13, 4, 0, 0),
(222, 13, 5, 0, 0),
(223, 13, 6, 0, 0),
(224, 13, 7, 0, 0),
(225, 13, 8, 0, 0),
(226, 13, 9, 0, 0),
(227, 13, 10, 0, 0),
(228, 13, 11, 0, 0),
(229, 13, 12, 0, 0),
(230, 13, 13, 0, 0),
(231, 13, 14, 0, 0),
(232, 13, 15, 0, 0),
(233, 13, 16, 0, 0),
(234, 13, 17, 0, 0),
(235, 13, 18, 0, 0),
(236, 1, 19, 0, 0),
(237, 2, 19, 0, 0),
(238, 3, 19, 0, 0),
(239, 4, 19, 0, 0),
(240, 5, 19, 0, 0),
(241, 6, 19, 0, 0),
(242, 7, 19, 0, 0),
(243, 8, 19, 0, 0),
(244, 9, 19, 0, 0),
(245, 10, 19, 0, 0),
(246, 11, 19, 0, 0),
(247, 12, 19, 0, 0),
(248, 13, 19, 0, 0),
(249, 1, 20, 0, 0),
(250, 2, 20, 0, 24),
(251, 3, 20, 0, 0),
(252, 4, 20, 0, 0),
(253, 5, 20, 0, 0),
(254, 6, 20, 0, 0),
(255, 7, 20, 0, 0),
(256, 8, 20, 0, 0),
(257, 9, 20, 0, 0),
(258, 10, 20, 0, 0),
(259, 11, 20, 0, 0),
(260, 12, 20, 0, 0),
(261, 13, 20, 0, 0),
(262, 1, 21, 0, 0),
(263, 2, 21, 0, 25),
(264, 3, 21, 0, 78),
(265, 4, 21, 0, 0),
(266, 5, 21, 0, 0),
(267, 6, 21, 0, 0),
(268, 7, 21, 0, 0),
(269, 8, 21, 0, 0),
(270, 9, 21, 0, 0),
(271, 10, 21, 0, 0),
(272, 11, 21, 0, 0),
(273, 12, 21, 0, 0),
(274, 13, 21, 0, 0),
(275, 1, 22, 0, 0),
(276, 2, 22, 0, 24),
(277, 3, 22, 0, 200),
(278, 4, 22, 0, 0),
(279, 5, 22, 0, 0),
(280, 6, 22, 0, 0),
(281, 7, 22, 0, 0),
(282, 8, 22, 0, 0),
(283, 9, 22, 0, 0),
(284, 10, 22, 0, 0),
(285, 11, 22, 0, 70),
(286, 12, 22, 0, 0),
(287, 13, 22, 0, 0),
(288, 14, 1, 0, 20),
(289, 14, 2, 0, 30),
(290, 14, 3, 0, 0),
(291, 14, 4, 0, 0),
(292, 14, 5, 0, 0),
(293, 14, 6, 0, 0),
(294, 14, 7, 0, 0),
(295, 14, 8, 0, 25),
(296, 14, 9, 0, 0),
(297, 14, 10, 0, 0),
(298, 14, 11, 0, 0),
(299, 14, 12, 0, 0),
(300, 14, 13, 0, 0),
(301, 14, 14, 0, 0),
(302, 14, 15, 0, 0),
(303, 14, 16, 0, 47),
(304, 14, 17, 0, 10),
(305, 14, 18, 0, 0),
(306, 14, 19, 0, 0),
(307, 14, 20, 0, 0),
(308, 14, 21, 0, 0),
(309, 14, 22, 0, 54),
(310, 15, 1, 0, 24),
(311, 15, 2, 0, 0),
(312, 15, 3, 0, 0),
(313, 15, 4, 0, 0),
(314, 15, 5, 0, 0),
(315, 15, 6, 0, 0),
(316, 15, 7, 0, 0),
(317, 15, 8, 0, 0),
(318, 15, 9, 0, 0),
(319, 15, 10, 0, 0),
(320, 15, 11, 0, 0),
(321, 15, 12, 0, 0),
(322, 15, 13, 0, 0),
(323, 15, 14, 0, 0),
(324, 15, 15, 0, 0),
(325, 15, 16, 0, 102),
(326, 15, 17, 0, 0),
(327, 15, 18, 0, 0),
(328, 15, 19, 0, 0),
(329, 15, 20, 0, 0),
(330, 15, 21, 0, 0),
(331, 15, 22, 0, 20),
(332, 16, 1, 0, 24),
(333, 16, 2, 0, 0),
(334, 16, 3, 0, 0),
(335, 16, 4, 0, 0),
(336, 16, 5, 0, 0),
(337, 16, 6, 0, 0),
(338, 16, 7, 0, 0),
(339, 16, 8, 0, 0),
(340, 16, 9, 0, 0),
(341, 16, 10, 0, 0),
(342, 16, 11, 0, 0),
(343, 16, 12, 0, 0),
(344, 16, 13, 0, 0),
(345, 16, 14, 0, 0),
(346, 16, 15, 0, 0),
(347, 16, 16, 0, 65),
(348, 16, 17, 0, 0),
(349, 16, 18, 0, 0),
(350, 16, 19, 0, 0),
(351, 16, 20, 0, 0),
(352, 16, 21, 0, 0),
(353, 16, 22, 0, 156),
(354, 17, 1, 0, 47),
(355, 17, 2, 0, 0),
(356, 17, 3, 0, 0),
(357, 17, 4, 0, 0),
(358, 17, 5, 0, 0),
(359, 17, 6, 0, 0),
(360, 17, 7, 0, 0),
(361, 17, 8, 0, 0),
(362, 17, 9, 0, 0),
(363, 17, 10, 0, 0),
(364, 17, 11, 0, 0),
(365, 17, 12, 0, 0),
(366, 17, 13, 0, 0),
(367, 17, 14, 0, 0),
(368, 17, 15, 0, 0),
(369, 17, 16, 0, 150),
(370, 17, 17, 0, 0),
(371, 17, 18, 0, 0),
(372, 17, 19, 0, 0),
(373, 17, 20, 0, 0),
(374, 17, 21, 0, 0),
(375, 17, 22, 0, 200),
(376, 18, 1, 0, 24),
(377, 18, 2, 0, 0),
(378, 18, 3, 0, 0),
(379, 18, 4, 0, 0),
(380, 18, 5, 0, 0),
(381, 18, 6, 0, 0),
(382, 18, 7, 0, 0),
(383, 18, 8, 0, 0),
(384, 18, 9, 0, 0),
(385, 18, 10, 0, 0),
(386, 18, 11, 0, 0),
(387, 18, 12, 0, 0),
(388, 18, 13, 0, 0),
(389, 18, 14, 0, 0),
(390, 18, 15, 0, 0),
(391, 18, 16, 0, 150),
(392, 18, 17, 0, 0),
(393, 18, 18, 0, 0),
(394, 18, 19, 0, 0),
(395, 18, 20, 0, 0),
(396, 18, 21, 0, 0),
(397, 18, 22, 0, 0),
(398, 1, 23, 0, 0),
(399, 2, 23, 0, 48),
(400, 3, 23, 0, 0),
(401, 4, 23, 0, 0),
(402, 5, 23, 0, 0),
(403, 6, 23, 0, 0),
(404, 7, 23, 0, 0),
(405, 8, 23, 0, 0),
(406, 9, 23, 0, 0),
(407, 10, 23, 0, 0),
(408, 11, 23, 0, 0),
(409, 12, 23, 0, 0),
(410, 13, 23, 0, 0),
(411, 14, 23, 0, 48),
(412, 15, 23, 0, 0),
(413, 16, 23, 0, 0),
(414, 17, 23, 0, 0),
(415, 18, 23, 0, 0);

-- --------------------------------------------------------

--
-- Table structure for table `staff_grv`
--

CREATE TABLE `staff_grv` (
  `grv_id` int(11) NOT NULL,
  `sales_id` int(11) NOT NULL,
  `grv_date` date NOT NULL,
  `sales` decimal(11,2) NOT NULL,
  `profit` decimal(11,2) NOT NULL
) ENGINE=InnoDB DEFAULT CHARSET=utf8mb4;

--
-- Dumping data for table `staff_grv`
--

INSERT INTO `staff_grv` (`grv_id`, `sales_id`, `grv_date`, `sales`, `profit`) VALUES
(1, 3, '2020-08-06', '1004.96', '168.96'),
(2, 2, '2020-08-06', '1684.45', '283.20'),
(3, 4, '2020-08-06', '633.81', '106.56'),
(4, 5, '2020-08-06', '799.40', '134.40'),
(5, 1, '2020-08-06', '856.50', '144.00'),
(6, 5, '2020-08-25', '8678.25', '2758.25'),
(7, 10, '2020-08-25', '723.12', '67.62'),
(8, 26, '2020-08-18', '928.59', '343.59'),
(9, 21, '2020-08-18', '3744.93', '767.43'),
(10, 16, '2020-08-18', '461.12', '43.12'),
(11, 1, '2020-08-18', '3993.22', '1504.62'),
(12, 20, '2020-08-25', '770.28', '72.03'),
(13, 11, '2020-08-28', '345.84', '32.34'),
(14, 4, '2020-08-28', '2401.87', '786.27'),
(15, 47, '2020-09-05', '1026.24', '264.99'),
(16, 63, '2020-09-05', '660.00', '242.00'),
(17, 6, '2020-08-06', '571.00', '96.00'),
(18, 84, '2020-09-03', '52.40', '4.90'),
(19, 65, '2020-09-08', '1828.80', '868.80'),
(20, 37, '2020-09-08', '4398.77', '1685.77'),
(21, 37, '2020-09-09', '95.24', '35.24'),
(22, 43, '2020-09-08', '571.44', '211.44'),
(23, 51, '2020-09-08', '419.10', '199.10'),
(24, 67, '2020-09-08', '914.40', '434.40'),
(25, 50, '2020-09-08', '256.76', '24.01'),
(26, 39, '2020-09-11', '7279.30', '2442.80'),
(27, 64, '2020-09-11', '2209.80', '1049.80'),
(28, 87, '2020-09-17', '571.44', '211.44'),
(29, 65, '2020-09-17', '914.40', '434.40'),
(30, 54, '2020-09-17', '152.40', '72.40'),
(31, 47, '2020-09-17', '3504.74', '1434.74');

-- --------------------------------------------------------

--
-- Table structure for table `staff_grv_articles`
--

CREATE TABLE `staff_grv_articles` (
  `id` int(11) NOT NULL,
  `grv_id` int(11) NOT NULL,
  `article_id` int(11) NOT NULL,
  `article_qty` varchar(250) NOT NULL
) ENGINE=InnoDB DEFAULT CHARSET=utf8mb4;

--
-- Dumping data for table `staff_grv_articles`
--

INSERT INTO `staff_grv_articles` (`id`, `grv_id`, `article_id`, `article_qty`) VALUES
(1, 1, 10, '176'),
(2, 2, 10, '295'),
(3, 3, 10, '111'),
(4, 4, 10, '140'),
(5, 5, 10, '150'),
(6, 6, 1, '31'),
(7, 6, 2, '25'),
(8, 6, 9, '114'),
(9, 6, 12, '125'),
(10, 6, 13, '2'),
(11, 7, 14, '138'),
(12, 8, 15, '39'),
(13, 9, 13, '23'),
(14, 9, 9, '38'),
(15, 9, 2, '30'),
(16, 9, 14, '100'),
(17, 10, 14, '88'),
(18, 11, 1, '38'),
(19, 11, 2, '2'),
(20, 11, 3, '48'),
(21, 11, 7, '9'),
(22, 11, 12, '29'),
(23, 12, 14, '147'),
(24, 13, 14, '66'),
(25, 14, 1, '14'),
(26, 14, 2, '3'),
(27, 14, 6, '7'),
(28, 14, 9, '25'),
(29, 14, 13, '35'),
(30, 15, 15, '24'),
(31, 15, 16, '20'),
(32, 15, 14, '55'),
(33, 16, 18, '22'),
(34, 17, 10, '100'),
(35, 18, 14, '10'),
(36, 19, 17, '48'),
(37, 20, 1, '48'),
(38, 20, 16, '35'),
(39, 20, 6, '35'),
(40, 21, 15, '4'),
(41, 22, 15, '24'),
(42, 23, 17, '11'),
(43, 24, 17, '24'),
(44, 25, 14, '49'),
(45, 26, 1, '42'),
(46, 26, 6, '135'),
(47, 26, 16, '90'),
(48, 26, 15, '48'),
(49, 26, 14, '86'),
(50, 27, 17, '58'),
(51, 28, 15, '24'),
(52, 29, 17, '24'),
(53, 30, 17, '4'),
(54, 31, 1, '46');

-- --------------------------------------------------------

--
-- Table structure for table `stocks`
--

CREATE TABLE `stocks` (
  `stock_id` int(11) NOT NULL,
  `article_id` int(11) NOT NULL,
  `article_qty` varchar(250) NOT NULL,
  `invoice_no` varchar(250) NOT NULL,
  `stock_date` date NOT NULL,
  `lr_no` varchar(250) NOT NULL,
  `cargo` varchar(250) NOT NULL
) ENGINE=InnoDB DEFAULT CHARSET=latin1;

--
-- Dumping data for table `stocks`
--

INSERT INTO `stocks` (`stock_id`, `article_id`, `article_qty`, `invoice_no`, `stock_date`, `lr_no`, `cargo`) VALUES
(1, 1, '142', 'RE001', '2020-08-04', 'RE001', 'RE ENTRY'),
(2, 2, '315', 'RE002', '2020-08-04', 'RE002', 'RE ENTRY'),
(3, 3, '330', 'RE003', '2020-08-04', 'RE003', 'RE ENTRY'),
(4, 4, '1', 'RE004', '2020-08-04', 'RE004', 'RE ENTRY'),
(5, 5, '39', 'RE005', '2020-08-04', 'RE005', 'RE ENTRY'),
(6, 6, '202', 'RE006', '2020-08-04', 'RE006', 'RE ENTRY'),
(7, 7, '16', 'RE007', '2020-08-04', 'RE007', 'RE ENTRY'),
(8, 8, '26', 'RE008', '2020-08-04', 'RE008', 'RE ENTRY'),
(9, 9, '945', 'RE009', '2020-08-04', 'RE009', 'RE ENTRY'),
(10, 10, '4617', 'RE010', '2020-08-04', 'RE010', 'RE ENTRY'),
(11, 11, '1', 'RE011', '2020-08-04', 'RE011', 'RE ENTRY'),
(12, 12, '1362', 'RE012', '2020-08-04', 'RE012', 'RE ENTRY'),
(13, 13, '575', 'RE013', '2020-08-04', 'RE013', 'RE ENTRY'),
(14, 14, '4500', 'PC001', '2020-08-06', 'PC001', 'price change'),
(15, 1, '288', '1001', '2020-08-08', 'PKG01', 'PACKING UNIT'),
(16, 1, '360', '1002', '2020-08-11', 'PKG02', 'PACKING UNIT'),
(17, 13, '350', '1003', '2020-08-11', 'P0001', 'PICKUP VAN'),
(18, 3, '159', 'RE14', '2020-08-04', 'RE14', 'RE ENTRY'),
(19, 4, '100', '1004', '2020-08-14', 'PKG03', 'PACKING UNIT'),
(20, 15, '1200', '1005', '2020-08-14', 'PKG04', 'PACKING UNIT'),
(21, 16, '500', '1006', '2020-08-19', 'PKG05', 'PACKING UNIT'),
(22, 6, '1950', '1007', '2020-08-19', 'P0002', 'PICKUP VAN'),
(23, 16, '2450', '1008', '2020-08-19', 'PKG06', 'PACKING UNIT'),
(24, 15, '792', '1009', '2020-08-19', 'PKG07', 'PACKING UNIT'),
(25, 17, '100', '1010', '2020-08-26', 'P0003', 'COMPANY VEHICLE'),
(26, 17, '552', '1011', '2020-08-28', 'P0004', 'COMPANY VEHICLE'),
(27, 18, '439', '1012', '2020-08-28', 'P0004', 'COMPANY VEHICLE'),
(28, 18, '240', '1013', '2020-08-26', 'P0003', 'COMPANY VEHICLE'),
(29, 14, '100', 'PC002', '2020-08-05', 'PC002', 'PRICE CHANGE'),
(30, 21, '193', '1014', '2020-09-10', 'PKG08', 'PACKING UNIT'),
(31, 15, '168', '1015', '2020-09-11', 'PKG09', 'Packing Unit'),
(32, 20, '100', '1016', '2020-08-28', 'P0005', 'COMPANY VEHICLE'),
(33, 22, '2300', '1017', '2020-09-14', 'P0002', 'Pickup Van'),
(34, 16, '2745', '1018', '2020-09-14', 'PKG10', 'Packing Unit'),
(35, 2, '6', '1019', '2020-09-14', 'PKG11', 'Packing Unit'),
(36, 15, '24', '1020', '2020-09-14', 'PKG12', 'Packing Unit'),
(37, 2, '54', '1021', '2020-09-14', 'PKG13', 'Packing Unit'),
(38, 23, '96', '1022', '2020-09-18', 'PKG14', 'Packing Unit'),
(39, 2, '120', '1023', '2020-09-18', 'PKG15', 'Packing Unit');

-- --------------------------------------------------------

--
-- Table structure for table `suppliers`
--

CREATE TABLE `suppliers` (
  `supplier_id` int(11) NOT NULL,
  `supplier_name` varchar(250) NOT NULL,
  `supplier_address` varchar(250) NOT NULL,
  `supplier_phone` varchar(250) NOT NULL,
  `supplier_gst` varchar(250) NOT NULL
) ENGINE=InnoDB DEFAULT CHARSET=latin1;

--
-- Dumping data for table `suppliers`
--

INSERT INTO `suppliers` (`supplier_id`, `supplier_name`, `supplier_address`, `supplier_phone`, `supplier_gst`) VALUES
(1, 'KL GARMENTS', 'NEW BUS STAND TIRUPUR', '9012345678', '12345678901234'),
(2, 'KITES LONDON', 'NEAR OLD BUS STAND TIRUPUR', '90012345678', '12345678900123'),
(3, 'IZAK GARMENTS', 'AVINASHI ROAD TIRUPUR', '9000123467', '12345678900012'),
(4, 'SHALUS GARMENTS', 'DHARAPURAM ROAD TIRUPUR', '9000012345', '12345678900001'),
(5, 'SHAJI', 'ERNAKULAM, KOTHAMANGALAM', '9876543210', '133456789012'),
(6, 'SHAMSU', 'THRISSUR', '1234564650', '');

-- --------------------------------------------------------

--
-- Table structure for table `trs`
--

CREATE TABLE `trs` (
  `tr_id` int(11) NOT NULL,
  `tr_date` date NOT NULL,
  `staff_id` int(11) NOT NULL,
  `amount` varchar(250) NOT NULL,
  `tr_time` time NOT NULL,
  `details` varchar(250) NOT NULL
) ENGINE=InnoDB DEFAULT CHARSET=utf8mb4;

-- --------------------------------------------------------

--
-- Table structure for table `users`
--

CREATE TABLE `users` (
  `id` int(11) NOT NULL,
  `username` varchar(250) NOT NULL,
  `password` varchar(250) NOT NULL,
  `created_at` datetime NOT NULL,
  `status` int(11) NOT NULL
) ENGINE=InnoDB DEFAULT CHARSET=latin1;

--
-- Dumping data for table `users`
--

INSERT INTO `users` (`id`, `username`, `password`, `created_at`, `status`) VALUES
(1, 'admin', '$2y$10$N5pgXy2DtqvPrFxfTedLiecm96ZGZCkWlAWExHi2qJyGKqfqMVfL.', '2020-06-12 00:00:00', 0),
(2, 'stock', '$2y$10$ZXB86FEoLfe.UD.Nf9GvquRksfa4zOqZDW41KF3oUYLIbQqu47eSq', '2020-06-12 00:00:00', 0),
(3, 'estimation', '$2y$10$ZXB86FEoLfe.UD.Nf9GvquRksfa4zOqZDW41KF3oUYLIbQqu47eSq', '2020-06-10 00:00:00', 0),
(4, 'invoice', '$2y$10$ZXB86FEoLfe.UD.Nf9GvquRksfa4zOqZDW41KF3oUYLIbQqu47eSq', '2020-06-10 00:00:00', 0);

-- --------------------------------------------------------

--
-- Table structure for table `voucher`
--

CREATE TABLE `voucher` (
  `voucher_id` int(11) NOT NULL,
  `voucher_date` date NOT NULL,
  `voucher_time` time NOT NULL,
  `staff_id` int(11) NOT NULL,
  `voucher_amount` varchar(250) NOT NULL
) ENGINE=InnoDB DEFAULT CHARSET=utf8mb4;

--
-- Dumping data for table `voucher`
--

INSERT INTO `voucher` (`voucher_id`, `voucher_date`, `voucher_time`, `staff_id`, `voucher_amount`) VALUES
(1, '2020-08-06', '10:40:16', 3, '2900'),
(2, '2020-08-05', '04:39:30', 2, '4745'),
(3, '2020-08-06', '05:44:55', 2, '1871.36'),
(4, '2020-08-07', '05:58:12', 2, '2669.11'),
(5, '2020-08-08', '06:02:58', 2, '3951.31'),
(6, '2020-08-10', '06:04:04', 2, '3505.3'),
(7, '2020-08-11', '06:07:57', 2, '3434'),
(8, '2020-08-12', '06:08:42', 2, '3108.75'),
(9, '2020-08-13', '06:09:58', 2, '3038.21'),
(10, '2020-08-15', '06:15:21', 2, '2960.7799999999997'),
(11, '2020-08-15', '06:16:59', 2, '4287'),
(12, '2020-08-17', '06:18:46', 2, '3894.31'),
(13, '2020-08-19', '06:20:10', 2, '2460'),
(14, '2020-08-20', '06:21:35', 2, '1337.27'),
(15, '2020-08-20', '06:28:38', 2, '395'),
(16, '2020-08-21', '06:29:02', 2, '3774.8900000000003'),
(17, '2020-08-22', '06:30:28', 2, '4360'),
(18, '2020-08-24', '06:31:30', 2, '2204'),
(19, '2020-08-25', '06:32:36', 2, '2178.34'),
(20, '2020-08-26', '06:35:49', 2, '400'),
(21, '2020-08-26', '06:37:42', 2, '3500.5'),
(22, '2020-08-22', '06:48:23', 2, '699'),
(23, '2020-08-27', '07:13:24', 2, '1675'),
(24, '2020-08-24', '07:16:34', 2, '323'),
(25, '2020-08-26', '07:17:43', 2, '135'),
(26, '2020-08-06', '07:19:55', 3, '2560'),
(27, '2020-08-10', '07:30:58', 3, '3333'),
(28, '2020-08-11', '07:33:55', 3, '1635'),
(29, '2020-08-17', '07:34:39', 3, '8400'),
(30, '2020-08-18', '07:37:21', 3, '2280'),
(31, '2020-08-19', '07:38:02', 3, '3920'),
(32, '2020-08-20', '07:38:46', 3, '1750'),
(33, '2020-08-21', '07:39:56', 3, '3509.5'),
(34, '2020-08-22', '07:40:55', 3, '5120'),
(35, '2020-08-24', '07:41:56', 3, '3229'),
(36, '2020-08-25', '07:44:03', 3, '3088'),
(37, '2020-08-26', '07:48:47', 3, '2257'),
(38, '2020-08-27', '07:59:38', 3, '2190'),
(39, '2020-08-27', '08:18:21', 3, '2117.9'),
(40, '2020-08-26', '08:34:20', 3, '4542.53'),
(41, '2020-08-05', '08:35:47', 4, '4418'),
(42, '2020-08-07', '08:39:28', 4, '2570'),
(43, '2020-08-10', '08:40:26', 4, '1670'),
(44, '2020-08-12', '08:47:30', 4, '2215.5'),
(45, '2020-08-19', '08:48:05', 4, '2365.6'),
(46, '2020-08-13', '08:50:54', 7, '953'),
(47, '2020-08-17', '08:51:15', 7, '590'),
(48, '2020-08-26', '08:51:34', 7, '778.11'),
(49, '2020-08-24', '08:52:19', 8, '1523.74'),
(50, '2020-08-26', '08:53:48', 8, '1793.36'),
(51, '2020-08-27', '08:54:09', 9, '200'),
(52, '2020-08-27', '04:08:06', 3, '2164'),
(53, '2020-08-27', '05:49:36', 3, '960'),
(54, '2020-08-28', '06:00:21', 3, '3174'),
(55, '2020-08-28', '06:06:43', 3, '628'),
(56, '2020-08-27', '11:11:22', 2, '2103'),
(57, '2020-08-24', '11:45:15', 8, '122'),
(58, '2020-08-26', '11:49:43', 8, '184'),
(59, '2020-08-26', '11:52:56', 8, '785'),
(60, '2020-08-28', '11:55:56', 8, '494'),
(61, '2020-08-28', '11:56:35', 8, '40'),
(62, '2020-08-29', '11:59:20', 8, '1150'),
(63, '2020-08-28', '12:01:01', 8, '1143'),
(64, '2020-08-24', '12:10:44', 7, '200'),
(65, '2020-08-24', '12:12:49', 7, '315'),
(66, '2020-08-27', '12:15:48', 7, '285'),
(67, '2020-08-24', '12:16:36', 7, '262'),
(68, '2020-08-27', '12:22:06', 7, '175'),
(69, '2020-08-27', '12:23:11', 7, '1222'),
(70, '2020-08-28', '12:24:51', 7, '150'),
(71, '2020-08-28', '12:26:43', 7, '914'),
(72, '2020-08-29', '12:29:13', 7, '560'),
(73, '2020-08-29', '12:30:20', 7, '171'),
(74, '2020-08-28', '12:34:56', 10, '542.5'),
(75, '2020-08-28', '12:36:24', 10, '200'),
(76, '2020-08-29', '12:38:07', 10, '167.5'),
(77, '2020-08-29', '12:40:08', 10, '371.5'),
(78, '2020-08-28', '12:45:24', 3, '514.5'),
(79, '2020-09-01', '02:31:30', 3, ''),
(80, '2020-08-28', '02:36:11', 2, '2972.5'),
(81, '2020-09-01', '02:44:11', 3, '2691.5'),
(82, '2020-09-01', '02:45:12', 7, '720'),
(83, '2020-09-01', '02:47:05', 10, '652.5'),
(84, '2020-09-03', '12:17:07', 1, '200'),
(85, '2020-09-03', '01:40:56', 2, '834'),
(86, '2020-08-29', '01:53:22', 2, '4131'),
(87, '2020-09-02', '01:57:38', 2, '3863'),
(88, '2020-09-02', '02:02:15', 3, '2040'),
(89, '2020-09-03', '02:06:17', 3, '2530'),
(90, '2020-09-03', '02:07:12', 7, '1302.5'),
(91, '2020-08-29', '02:12:13', 8, '2554'),
(92, '2020-09-03', '02:13:23', 10, '1230'),
(93, '2020-09-05', '10:31:34', 9, '283'),
(94, '2020-09-04', '10:52:43', 9, '135'),
(95, '2020-09-04', '10:53:06', 9, '270.5'),
(96, '2020-09-05', '10:53:30', 9, '300'),
(97, '2020-09-04', '10:53:59', 9, '900'),
(98, '2020-09-04', '10:54:21', 9, '1880'),
(99, '2020-09-05', '06:31:19', 2, '3452'),
(100, '2020-09-05', '06:33:00', 2, '2280'),
(101, '2020-09-04', '06:33:26', 3, '4755'),
(102, '2020-09-05', '06:35:30', 7, '1010'),
(103, '2020-09-05', '06:35:57', 9, '53.5'),
(104, '2020-09-07', '12:18:29', 3, '1077'),
(105, '2020-09-05', '12:21:31', 3, '1810'),
(106, '2020-09-07', '12:33:34', 7, '1275'),
(107, '2020-09-07', '12:35:43', 11, '2990'),
(108, '2020-09-05', '01:37:17', 2, '80'),
(109, '2020-09-08', '11:19:39', 3, '2920'),
(110, '2020-09-08', '11:21:42', 11, '1200'),
(111, '2020-09-08', '06:09:47', 2, '2736'),
(112, '2020-09-09', '12:20:53', 3, '2715'),
(113, '2020-09-09', '03:39:36', 11, '900'),
(114, '2020-09-09', '05:55:59', 2, '1588'),
(115, '2020-08-06', '07:25:25', 5, '3133'),
(116, '2020-09-10', '11:52:04', 11, '540'),
(117, '2020-09-10', '01:19:49', 3, '1916'),
(118, '2020-09-11', '03:49:42', 3, '780'),
(119, '2020-09-11', '03:52:25', 11, '680'),
(120, '2020-09-11', '05:30:12', 2, '2545.5'),
(121, '2020-09-11', '06:29:07', 2, '200'),
(122, '2020-09-11', '06:48:48', 2, '2650'),
(123, '2020-09-12', '11:18:48', 3, '1800'),
(124, '2020-09-12', '11:22:04', 9, '966'),
(125, '2020-09-12', '12:48:20', 11, '150'),
(126, '2020-09-14', '02:43:14', 2, '2657'),
(127, '2020-09-14', '02:43:34', 3, '2700'),
(128, '2020-09-15', '02:48:24', 3, '1500'),
(129, '2020-09-16', '12:45:55', 3, '4440'),
(130, '2020-09-14', '05:45:57', 2, '2257'),
(131, '2020-09-15', '05:46:46', 2, '2454'),
(132, '2020-09-14', '06:16:47', 14, '1600'),
(133, '2020-09-15', '06:23:23', 14, '1633'),
(134, '2020-09-16', '12:14:31', 3, '3700'),
(135, '2020-09-16', '12:18:06', 3, '670'),
(136, '2020-09-16', '12:20:17', 11, '1500'),
(137, '2020-09-16', '12:23:40', 14, '2400'),
(138, '2020-09-15', '01:02:07', 16, '1537'),
(139, '2020-09-17', '03:36:33', 2, '5300'),
(140, '2020-09-18', '04:01:24', 2, '398.5'),
(141, '2020-09-18', '04:02:39', 11, '1000'),
(142, '2020-09-18', '04:04:09', 14, '2500'),
(143, '2020-09-17', '04:05:12', 15, '1000'),
(144, '2020-09-18', '04:07:34', 16, '1066');

-- --------------------------------------------------------

--
-- Table structure for table `voucher_details`
--

CREATE TABLE `voucher_details` (
  `id` int(11) NOT NULL,
  `voucher_id` int(11) NOT NULL,
  `invoice_no` int(11) NOT NULL,
  `paid` varchar(250) NOT NULL,
  `method` int(11) NOT NULL,
  `balance` decimal(11,2) NOT NULL
) ENGINE=InnoDB DEFAULT CHARSET=utf8mb4;

--
-- Dumping data for table `voucher_details`
--

INSERT INTO `voucher_details` (`id`, `voucher_id`, `invoice_no`, `paid`, `method`, `balance`) VALUES
(1, 1, 1003, '2900', 3, '285.50'),
(2, 2, 1004, '4745', 1, '110.50'),
(3, 3, 1004, '110.26', 1, '0.50'),
(4, 3, 1006, '1761.1', 1, '0.50'),
(5, 4, 1010, '2669.11', 1, '0.50'),
(6, 5, 1011, '3951.31', 1, '0.50'),
(7, 6, 1014, '3505.3', 1, '0.50'),
(8, 7, 1017, '3434', 1, '9.00'),
(9, 8, 1017, '8.75', 1, '0.50'),
(10, 8, 1021, '3100', 1, '9.50'),
(11, 9, 1021, '9', 1, '0.50'),
(12, 9, 1025, '3029.21', 1, '0.50'),
(13, 10, 1029, '1746.78', 1, '0.50'),
(14, 10, 1076, '1214', 1, '61.00'),
(15, 11, 1031, '4226', 1, '61.50'),
(16, 11, 1076, '61', 1, '0.00'),
(17, 12, 1031, '61.31', 1, '0.50'),
(18, 12, 1033, '3833', 1, '334.00'),
(19, 13, 1033, '333.50', 1, '0.50'),
(20, 13, 1034, '2126.50', 1, '334.50'),
(21, 14, 1034, '334.27', 1, '0.50'),
(22, 14, 1037, '1003', 1, '725.00'),
(23, 15, 1037, '395', 1, '330.00'),
(24, 16, 1037, '329.78', 1, '0.50'),
(25, 16, 1040, '3445.11', 1, '0.50'),
(26, 17, 1042, '4360', 1, '0.50'),
(27, 18, 1047, '2204', 1, '226.50'),
(28, 19, 1047, '226.34', 1, '0.50'),
(29, 19, 1051, '1952', 1, '20.50'),
(30, 20, 1051, '20', 1, '0.50'),
(31, 20, 1055, '380', 1, '153.50'),
(32, 21, 1055, '153.5', 1, '0.00'),
(33, 21, 1075, '3347', 1, '48.50'),
(34, 22, 1057, '699', 1, '132.00'),
(35, 23, 1077, '1675', 1, '1.00'),
(36, 24, 1057, '131', 1, '1.00'),
(37, 24, 1060, '192', 1, '0.50'),
(38, 25, 1064, '87', 1, '0.50'),
(39, 25, 1075, '48', 1, '0.50'),
(40, 26, 1003, '285', 1, '0.50'),
(41, 26, 1005, '2275', 1, '427.00'),
(42, 27, 1005, '426', 1, '1.00'),
(43, 27, 1009, '2907', 1, '0.00'),
(44, 28, 1012, '1635', 1, '101.50'),
(45, 29, 1012, '101.50', 1, '0.00'),
(46, 29, 1015, '1783', 1, '0.50'),
(47, 29, 1018, '740', 1, '0.50'),
(48, 29, 1022, '2522', 1, '0.50'),
(49, 29, 1028, '2007.50', 1, '0.50'),
(50, 29, 1030, '1246', 1, '4240.00'),
(51, 30, 1030, '2280', 1, '1960.00'),
(52, 31, 1030, '1959', 1, '1.00'),
(53, 31, 1032, '1961', 1, '430.50'),
(54, 32, 1032, '430', 1, '0.50'),
(55, 32, 1035, '1320', 1, '2243.00'),
(56, 33, 1035, '2242', 1, '1.00'),
(57, 33, 1036, '1267.50', 1, '0.50'),
(58, 34, 1038, '5120', 1, '79.50'),
(59, 35, 1038, '79', 1, '0.50'),
(60, 35, 1039, '3150', 1, '0.50'),
(61, 36, 1041, '3088', 1, '0.50'),
(62, 37, 1048, '2257', 1, '822.50'),
(63, 38, 1048, '822', 1, '0.50'),
(64, 38, 1052, '1368', 1, '586.00'),
(65, 39, 1052, '585', 1, '1.00'),
(66, 39, 1053, '131', 1, '0.50'),
(67, 39, 1054, '393.50', 1, '0.50'),
(68, 39, 1056, '262', 1, '0.50'),
(69, 39, 1061, '297', 1, '0.50'),
(70, 39, 1065, '174.9', 1, '0.50'),
(71, 39, 1067, '274.50', 1, '0.50'),
(72, 40, 1067, '245.50', 1, '275.00'),
(73, 40, 1068, '600', 1, '0.00'),
(74, 40, 1069, '974.93', 1, '0.50'),
(75, 40, 1070, '225', 1, '0.00'),
(76, 40, 1071, '286.1', 1, '0.50'),
(77, 40, 1074, '2211', 1, '0.50'),
(78, 41, 1007, '1739', 1, '1.00'),
(79, 41, 1008, '2679', 1, '0.00'),
(80, 42, 1013, '2570', 1, '0.50'),
(81, 43, 1016, '1670', 1, '123.00'),
(82, 44, 1016, '122.5', 1, '0.50'),
(83, 44, 1019, '2093', 1, '214.00'),
(84, 45, 1019, '213.6', 1, '0.50'),
(85, 45, 1023, '2152', 1, '0.50'),
(86, 46, 1024, '953', 1, '0.50'),
(87, 47, 1026, '590', 1, '285.50'),
(88, 48, 1026, '285.11', 1, '0.50'),
(89, 48, 1027, '493', 1, '222.50'),
(90, 49, 1043, '1523.74', 1, '0.50'),
(91, 50, 1050, '1793.36', 1, '0.50'),
(92, 51, 1046, '200', 1, '3.00'),
(93, 52, 1079, '2164', 1, '0.00'),
(94, 53, 1083, '960', 1, '0.50'),
(95, 54, 1091, '3174', 1, '0.00'),
(96, 55, 1096, '628', 1, '32.00'),
(97, 56, 1082, '960', 1, '0.50'),
(98, 56, 1093, '1143', 1, '57.00'),
(99, 57, 1058, '122', 1, '0.50'),
(100, 58, 1063, '184', 1, '0.00'),
(101, 59, 1073, '785', 1, '0.50'),
(102, 60, 1080, '494', 1, '0.00'),
(103, 61, 1084, '40', 1, '0.00'),
(104, 62, 1092, '1150', 1, '2.00'),
(105, 63, 1097, '1143', 1, '57.00'),
(106, 64, 1044, '200', 1, '0.00'),
(107, 65, 1045, '315', 1, '0.00'),
(108, 66, 1049, '285', 1, '0.00'),
(109, 67, 1059, '262', 1, '0.50'),
(110, 68, 1066, '175', 1, '0.00'),
(111, 69, 1072, '1222', 1, '0.00'),
(112, 70, 1078, '150', 1, '0.00'),
(113, 71, 1094, '914', 1, '46.00'),
(114, 72, 1090, '560', 1, '0.50'),
(115, 73, 1100, '171', 1, '9.00'),
(116, 74, 1081, '542.5', 1, '0.00'),
(117, 75, 1085, '200', 1, '0.00'),
(118, 76, 1088, '167.5', 1, '0.00'),
(119, 77, 1098, '371.5', 1, '18.50'),
(120, 78, 1101, '514.5', 1, '25.50'),
(121, 80, 1103, '2972.5', 1, '0.00'),
(122, 81, 1106, '2691.5', 1, '20.00'),
(123, 82, 1104, '720', 1, '30.00'),
(124, 83, 1102, '652.5', 1, '20.00'),
(125, 84, 1115, '200', 1, '0.00'),
(126, 85, 1107, '834', 1, '0.50'),
(127, 86, 1108, '4131', 1, '0.50'),
(128, 87, 1112, '3863', 1, '0.50'),
(129, 88, 1111, '2040', 1, '154.00'),
(130, 89, 1114, '2530', 1, '162.50'),
(131, 90, 1113, '1302.5', 1, '0.00'),
(132, 91, 1109, '2554', 1, '0.00'),
(133, 92, 1110, '1230', 1, '100.50'),
(134, 93, 1086, '283', 1, '0.00'),
(135, 94, 1087, '135', 1, '0.00'),
(136, 95, 1089, '270.5', 1, '0.00'),
(137, 96, 1095, '300', 1, '0.00'),
(138, 97, 1099, '900', 1, '0.00'),
(139, 98, 1105, '1880', 1, '0.00'),
(140, 99, 1117, '3452', 1, '0.50'),
(141, 100, 1121, '2280', 1, '0.00'),
(142, 101, 1096, '32', 1, '0.00'),
(143, 101, 1101, '25.5', 1, '0.00'),
(144, 101, 1106, '20', 1, '0.00'),
(145, 101, 1111, '154', 1, '0.00'),
(146, 101, 1114, '162.5', 1, '0.00'),
(147, 101, 1118, '4361', 1, '530.50'),
(148, 102, 1122, '1010', 1, '0.50'),
(149, 103, 1119, '53.5', 1, '26.50'),
(150, 104, 1126, '1077', 1, '0.00'),
(151, 105, 1118, '530.5', 1, '0.00'),
(152, 105, 1126, '158', 1, '1077.00'),
(153, 105, 1127, '1121.5', 1, '841.50'),
(154, 106, 1125, '1275', 1, '0.50'),
(155, 107, 1124, '2990', 1, '302.50'),
(156, 108, 1130, '80', 1, '0.00'),
(157, 109, 1127, '841.5', 1, '0.00'),
(158, 109, 1131, '2078.5', 1, '0.00'),
(159, 110, 1132, '1200', 1, '0.00'),
(160, 111, 1133, '2736', 1, '0.00'),
(161, 112, 1131, '1044.5', 1, '0.00'),
(162, 112, 1137, '1670.5', 1, '0.00'),
(163, 113, 1135, '639', 1, '0.00'),
(164, 113, 1136, '261', 1, '0.00'),
(165, 114, 1133, '62.5', 1, '0.00'),
(166, 114, 1138, '1525.5', 1, '0.00'),
(167, 115, 1020, '3133', 1, '0.00'),
(168, 116, 1124, '302.5', 1, '0.00'),
(169, 116, 1132, '87.5', 1, '0.00'),
(170, 116, 1136, '99', 1, '0.00'),
(171, 116, 1143, '51', 1, '0.00'),
(172, 117, 1137, '1199', 1, '0.50'),
(173, 117, 1142, '717', 1, '1457.50'),
(174, 118, 1142, '780', 1, '677.00'),
(175, 119, 1143, '589', 3, '0.00'),
(176, 119, 1145, '91', 3, '688.00'),
(177, 120, 1093, '57', 1, '0.00'),
(178, 120, 1138, '74.5', 1, '0.00'),
(179, 120, 1144, '2414', 1, '0.00'),
(180, 121, 1148, '200', 1, '0.00'),
(181, 122, 1149, '2650', 1, '3.00'),
(182, 123, 1142, '677', 1, '0.00'),
(183, 123, 1146, '983', 1, '0.00'),
(184, 123, 1150, '140', 1, '1855.00'),
(185, 124, 1119, '26.5', 2, '0.00'),
(186, 124, 1120, '203', 2, '0.00'),
(187, 124, 1123, '630', 1, '0.00'),
(188, 124, 1129, '106.5', 1, '53.50'),
(189, 125, 1145, '150', 1, '538.00'),
(190, 126, 1149, '3', 1, '0.00'),
(191, 126, 1153, '2654', 1, '0.00'),
(192, 127, 1150, '1855', 2, '0.00'),
(193, 127, 1154, '845', 2, '2060.50'),
(194, 128, 1154, '1500', 2, '560.50'),
(195, 129, 1154, '560', 1, '0.50'),
(196, 129, 1155, '1721', 1, '0.50'),
(197, 129, 1158, '2159', 1, '2860.00'),
(198, 130, 1159, '2257', 1, '271.50'),
(199, 131, 1159, '271', 1, '0.50'),
(200, 131, 1160, '2183', 1, '115.00'),
(201, 132, 1161, '1600', 3, '33.00'),
(202, 133, 1161, '33', 3, '0.00'),
(203, 133, 1162, '1600', 3, '953.00'),
(204, 134, 1158, '2860', 3, '0.00'),
(205, 134, 1167, '840', 3, '4190.50'),
(206, 135, 1167, '670', 1, '3520.50'),
(207, 136, 1145, '538', 1, '0.00'),
(208, 136, 1151, '254', 1, '0.00'),
(209, 136, 1156, '536.5', 1, '0.00'),
(210, 136, 1164, '171.5', 1, '129.50'),
(211, 137, 1162, '953', 1, '0.00'),
(212, 137, 1166, '1447', 1, '995.00'),
(213, 138, 1157, '1537', 1, '328.00'),
(214, 139, 1160, '115', 1, '0.00'),
(215, 139, 1173, '5185', 3, '398.50'),
(216, 140, 1173, '398.5', 1, '0.00'),
(217, 141, 1164, '129', 3, '0.50'),
(218, 141, 1165, '871', 3, '511.00'),
(219, 142, 1166, '995', 1, '0.00'),
(220, 142, 1170, '1505', 1, '1147.00'),
(221, 143, 1163, '1000', 1, '431.00'),
(222, 144, 1157, '328', 1, '0.00'),
(223, 144, 1168, '738', 1, '73.00');

-- --------------------------------------------------------

--
-- Table structure for table `zones`
--

CREATE TABLE `zones` (
  `zone_id` int(11) NOT NULL,
  `zone_name` varchar(250) NOT NULL
) ENGINE=InnoDB DEFAULT CHARSET=utf8mb4;

--
-- Indexes for dumped tables
--

--
-- Indexes for table `articles`
--
ALTER TABLE `articles`
  ADD PRIMARY KEY (`article_id`);

--
-- Indexes for table `attendance`
--
ALTER TABLE `attendance`
  ADD PRIMARY KEY (`id`);

--
-- Indexes for table `branches`
--
ALTER TABLE `branches`
  ADD PRIMARY KEY (`branch_id`);

--
-- Indexes for table `customers`
--
ALTER TABLE `customers`
  ADD PRIMARY KEY (`customer_id`);

--
-- Indexes for table `estimation`
--
ALTER TABLE `estimation`
  ADD PRIMARY KEY (`sales_id`);

--
-- Indexes for table `estimation_articles`
--
ALTER TABLE `estimation_articles`
  ADD PRIMARY KEY (`id`);

--
-- Indexes for table `foc`
--
ALTER TABLE `foc`
  ADD PRIMARY KEY (`foc_id`);

--
-- Indexes for table `foc_articles`
--
ALTER TABLE `foc_articles`
  ADD PRIMARY KEY (`id`);

--
-- Indexes for table `grv`
--
ALTER TABLE `grv`
  ADD PRIMARY KEY (`grv_id`);

--
-- Indexes for table `grv_articles`
--
ALTER TABLE `grv_articles`
  ADD PRIMARY KEY (`id`);

--
-- Indexes for table `sales`
--
ALTER TABLE `sales`
  ADD PRIMARY KEY (`sales_id`);

--
-- Indexes for table `sales_articles`
--
ALTER TABLE `sales_articles`
  ADD PRIMARY KEY (`id`);

--
-- Indexes for table `staffs`
--
ALTER TABLE `staffs`
  ADD PRIMARY KEY (`staff_id`);

--
-- Indexes for table `staff_articles`
--
ALTER TABLE `staff_articles`
  ADD PRIMARY KEY (`id`);

--
-- Indexes for table `staff_grv`
--
ALTER TABLE `staff_grv`
  ADD PRIMARY KEY (`grv_id`);

--
-- Indexes for table `staff_grv_articles`
--
ALTER TABLE `staff_grv_articles`
  ADD PRIMARY KEY (`id`);

--
-- Indexes for table `stocks`
--
ALTER TABLE `stocks`
  ADD PRIMARY KEY (`stock_id`);

--
-- Indexes for table `suppliers`
--
ALTER TABLE `suppliers`
  ADD PRIMARY KEY (`supplier_id`);

--
-- Indexes for table `trs`
--
ALTER TABLE `trs`
  ADD PRIMARY KEY (`tr_id`);

--
-- Indexes for table `users`
--
ALTER TABLE `users`
  ADD PRIMARY KEY (`id`);

--
-- Indexes for table `voucher`
--
ALTER TABLE `voucher`
  ADD PRIMARY KEY (`voucher_id`);

--
-- Indexes for table `voucher_details`
--
ALTER TABLE `voucher_details`
  ADD PRIMARY KEY (`id`);

--
-- Indexes for table `zones`
--
ALTER TABLE `zones`
  ADD PRIMARY KEY (`zone_id`);

--
-- AUTO_INCREMENT for dumped tables
--

--
-- AUTO_INCREMENT for table `articles`
--
ALTER TABLE `articles`
  MODIFY `article_id` int(11) NOT NULL AUTO_INCREMENT, AUTO_INCREMENT=24;

--
-- AUTO_INCREMENT for table `attendance`
--
ALTER TABLE `attendance`
  MODIFY `id` int(11) NOT NULL AUTO_INCREMENT;

--
-- AUTO_INCREMENT for table `branches`
--
ALTER TABLE `branches`
  MODIFY `branch_id` int(11) NOT NULL AUTO_INCREMENT, AUTO_INCREMENT=6;

--
-- AUTO_INCREMENT for table `customers`
--
ALTER TABLE `customers`
  MODIFY `customer_id` int(11) NOT NULL AUTO_INCREMENT, AUTO_INCREMENT=192;

--
-- AUTO_INCREMENT for table `estimation`
--
ALTER TABLE `estimation`
  MODIFY `sales_id` int(11) NOT NULL AUTO_INCREMENT, AUTO_INCREMENT=118;

--
-- AUTO_INCREMENT for table `estimation_articles`
--
ALTER TABLE `estimation_articles`
  MODIFY `id` int(11) NOT NULL AUTO_INCREMENT, AUTO_INCREMENT=293;

--
-- AUTO_INCREMENT for table `foc`
--
ALTER TABLE `foc`
  MODIFY `foc_id` int(11) NOT NULL AUTO_INCREMENT, AUTO_INCREMENT=3;

--
-- AUTO_INCREMENT for table `foc_articles`
--
ALTER TABLE `foc_articles`
  MODIFY `id` int(11) NOT NULL AUTO_INCREMENT, AUTO_INCREMENT=3;

--
-- AUTO_INCREMENT for table `grv`
--
ALTER TABLE `grv`
  MODIFY `grv_id` int(11) NOT NULL AUTO_INCREMENT;

--
-- AUTO_INCREMENT for table `grv_articles`
--
ALTER TABLE `grv_articles`
  MODIFY `id` int(11) NOT NULL AUTO_INCREMENT;

--
-- AUTO_INCREMENT for table `sales`
--
ALTER TABLE `sales`
  MODIFY `sales_id` int(11) NOT NULL AUTO_INCREMENT, AUTO_INCREMENT=174;

--
-- AUTO_INCREMENT for table `sales_articles`
--
ALTER TABLE `sales_articles`
  MODIFY `id` int(11) NOT NULL AUTO_INCREMENT, AUTO_INCREMENT=548;

--
-- AUTO_INCREMENT for table `staffs`
--
ALTER TABLE `staffs`
  MODIFY `staff_id` int(11) NOT NULL AUTO_INCREMENT, AUTO_INCREMENT=19;

--
-- AUTO_INCREMENT for table `staff_articles`
--
ALTER TABLE `staff_articles`
  MODIFY `id` int(11) NOT NULL AUTO_INCREMENT, AUTO_INCREMENT=416;

--
-- AUTO_INCREMENT for table `staff_grv`
--
ALTER TABLE `staff_grv`
  MODIFY `grv_id` int(11) NOT NULL AUTO_INCREMENT, AUTO_INCREMENT=32;

--
-- AUTO_INCREMENT for table `staff_grv_articles`
--
ALTER TABLE `staff_grv_articles`
  MODIFY `id` int(11) NOT NULL AUTO_INCREMENT, AUTO_INCREMENT=55;

--
-- AUTO_INCREMENT for table `stocks`
--
ALTER TABLE `stocks`
  MODIFY `stock_id` int(11) NOT NULL AUTO_INCREMENT, AUTO_INCREMENT=40;

--
-- AUTO_INCREMENT for table `suppliers`
--
ALTER TABLE `suppliers`
  MODIFY `supplier_id` int(11) NOT NULL AUTO_INCREMENT, AUTO_INCREMENT=7;

--
-- AUTO_INCREMENT for table `trs`
--
ALTER TABLE `trs`
  MODIFY `tr_id` int(11) NOT NULL AUTO_INCREMENT;

--
-- AUTO_INCREMENT for table `users`
--
ALTER TABLE `users`
  MODIFY `id` int(11) NOT NULL AUTO_INCREMENT, AUTO_INCREMENT=5;

--
-- AUTO_INCREMENT for table `voucher`
--
ALTER TABLE `voucher`
  MODIFY `voucher_id` int(11) NOT NULL AUTO_INCREMENT, AUTO_INCREMENT=145;

--
-- AUTO_INCREMENT for table `voucher_details`
--
ALTER TABLE `voucher_details`
  MODIFY `id` int(11) NOT NULL AUTO_INCREMENT, AUTO_INCREMENT=224;

--
-- AUTO_INCREMENT for table `zones`
--
ALTER TABLE `zones`
  MODIFY `zone_id` int(11) NOT NULL AUTO_INCREMENT;
COMMIT;

/*!40101 SET CHARACTER_SET_CLIENT=@OLD_CHARACTER_SET_CLIENT */;
/*!40101 SET CHARACTER_SET_RESULTS=@OLD_CHARACTER_SET_RESULTS */;
/*!40101 SET COLLATION_CONNECTION=@OLD_COLLATION_CONNECTION */;
